,city,children_needing_care_demandestimated_infantstoddlers,available_spaces_for_children_supply_infantstoddlers,percent_of_need_met_infantstoddlers,shortage_of_care_infantstoddlers,children_needing_care_demandestimated_preschoolers,available_spaces_for_children_supply_preschoolers,percent_of_need_met_preschoolers,shortage_of_care_preschoolers,is_imputed_infantstoddlers,is_imputed_preschoolers,expected_slots_by_need_infantstoddlers,delta_slots_infantstoddlers,capacity_above_expectation_infantstoddlers,expected_slots_by_need_preschoolers,delta_slots_preschoolers,capacity_above_expectation_preschoolers
1,Andover,20,5.0,100%,0,88,56.0,1120%,51,1,1,6.242603162107196,-1.242603162107196,-19.905208289545577,84.35937811176463,-28.359378111764627,-33.61733899246191
2,Ansonia,468,64.0,14%,-404,388,495.0,128%,107,0,0,146.0769139933084,-82.07691399330841,-56.18746436351212,371.94816712914405,123.05183287085595,33.083059346850106
3,Ashford,15,8.0,160%,3,79,62.0,1240%,57,1,1,4.6819523715803975,3.3180476284196025,70.86888898230275,75.73171444124324,-13.731714441243241,-18.132052789980143
4,Avon,351,217.0,62%,-134,234,529.0,226%,295,0,0,109.5576854949813,107.4423145050187,98.06917152328897,224.31925543355595,304.68074456644405,135.8246058625544
5,Barkhamsted,44,6.0,120%,1,74,41.0,820%,36,1,1,13.733726956635833,-7.733726956635833,-56.3119317942976,70.93856795762025,-29.93856795762025,-42.20351329266471
6,Beacon Falls,5,3.0,60%,-2,124,50.0,1000%,45,1,1,1.560650790526799,1.439349209473201,92.22750010509061,118.87003279385016,-68.87003279385016,-57.937253969877936
7,Berlin,432,159.0,37%,-273,434,354.0,82%,-80,0,0,134.84022830151545,24.159771698484548,17.917332240391215,416.0451147784756,-62.04511477847558,-14.913073744781663
8,Bethany,51,77.0,1540%,72,5,106.0,2120%,101,1,1,15.91863806337335,61.08136193662665,383.7097224866659,4.793146483622991,101.20685351637701,2111.4909352796976
9,Bethel,399,121.0,30%,-278,322,394.0,122%,72,0,0,124.53993308403857,-3.539933084038566,-2.8424080504763456,308.67863354532057,85.32136645467943,27.64083975451202
10,Bethlehem,16,8.0,160%,3,207,16.0,320%,11,1,1,4.994082529685757,3.005917470314243,60.18958342090883,198.4362644219918,-182.4362644219918,-91.93695766920172
11,Bloomfield,334,136.0,41%,-198,289,885.0,306%,596,0,0,104.25147280719018,31.748527192809817,30.45379248648863,277.04386675340885,607.9561332465912,219.44399649450483
12,Bolton,61,6.0,120%,1,64,68.0,1360%,63,1,1,19.039939644426948,-13.039939644426948,-68.48729506473924,61.352274990374276,6.647725009625724,10.83533578937163
13,Bozrah,30,0.0,0%,-5,89,25.0,500%,20,1,1,9.363904743160795,-9.363904743160795,-100.0,85.31800740848922,-60.31800740848922,-70.69786231609474
14,Branford,428,187.0,44%,-241,366,365.0,100%,-1,0,0,133.591707669094,53.408292330905994,39.97874812948575,350.8583226012029,14.141677398797128,4.030594826411179
15,Bridgeport,4213,1225.0,29%,-2988,3942,4084.0,104%,142,0,0,1315.0043560978809,-90.00435609788087,-6.844415053114965,3778.9166876883655,305.0833123116345,8.07330082998627
16,Bridgewater,5,140.0,0%,-5,173,427.0,0%,-5,1,1,1.560650790526799,138.4393492094732,8870.616671570895,165.84286833335545,261.15713166664455,157.47263315640498
17,Bristol,1493,362.0,24%,-1131,1344,1231.0,92%,-113,0,0,466.01032605130223,-104.01032605130223,-22.319317885641,1288.3977747978597,-57.39777479785971,-4.454973139554282
18,Brookfield,325,141.0,43%,-184,272,409.0,150%,137,0,0,101.44230138424194,39.557698615758056,38.99526930675781,260.74716870909066,148.25283129090934,56.85692850468166
19,Brooklyn,62,51.0,1020%,46,5,202.0,4040%,197,1,1,19.35206980253231,31.64793019746769,163.53770175697903,4.793146483622991,197.206853516377,4114.350650249989
20,Burlington,253,89.0,35%,-164,141,164.0,117%,23,0,0,78.96893000065603,10.03106999934397,12.702552762536653,135.16673083816832,28.83326916183168,21.331631669299615
21,Canaan,20,20.0,400%,15,127,59.0,1180%,54,1,1,6.242603162107196,13.757396837892804,220.37916684181766,121.74592068402396,-62.74592068402396,-51.53841732970504
22,Canterbury,25,15.0,300%,10,226,80.0,1600%,75,1,1,7.8032539526339955,7.1967460473660045,92.2275001050906,216.65022105975916,-136.65022105975916,-63.07412029922028
23,Canton,7,55.0,1100%,50,5,149.0,2980%,144,1,1,2.184911106737519,52.815088893262484,2417.264882328567,4.793146483622991,144.206853516377,3008.6051826101407
24,Chaplin,5,23.0,460%,18,185,58.0,1160%,53,1,1,1.560650790526799,21.4393492094732,1373.7441674723614,177.34641989405065,-119.34641989405065,-67.2956465460932
25,Cheshire,360,184.0,51%,-176,462,544.0,118%,82,0,0,112.36685691792954,71.63314308207046,63.74935194137347,442.8867350867643,101.1132649132357,22.830502000342587
26,Chester,31,6.0,120%,1,67,25.0,500%,20,1,1,9.676034901266155,-3.6760349012661546,-37.99112899835787,64.22816288054807,-39.22816288054807,-61.07626486764824
27,Clinton,216,36.0,17%,-180,296,170.0,57%,-126,0,0,67.42011415075773,-31.420114150757726,-46.60347219303039,283.754271830481,-113.754271830481,-40.08900768142073
28,Colchester,331,90.0,27%,-241,309,294.0,95%,-15,0,0,103.3150823328741,-13.315082332874098,-12.887839831529938,296.2164526879008,-2.216452687900812,-0.748254415913929
29,Colebrook,47,6.0,120%,1,141,8.0,160%,3,1,1,14.670117430951912,-8.670117430951912,-59.100531892533915,135.16673083816832,-127.16673083816832,-94.08138382100978
30,Columbia,27,106.0,2120%,101,115,161.0,3220%,156,1,1,8.427514268844716,97.57248573115528,1157.7848772308396,110.24236912332877,50.75763087667123,46.04185421658381
31,Cornwall,15,8.0,53%,-7,13,18.0,136%,5,0,0,4.6819523715803975,3.3180476284196025,70.86888898230275,12.462180857419774,5.537819142580226,44.436998675742224
32,Coventry,92,32.0,640%,27,93,181.0,3620%,176,1,1,28.715974545693104,3.284025454306896,11.436231944980054,89.15252459538762,91.84747540461238,103.02285417205582
33,Cromwell,336,214.0,64%,-122,298,362.0,121%,64,0,0,104.8757331234009,109.1242668765991,104.05101697663386,285.6715304239302,76.32846957606978,26.718962671148933
34,Danbury,2361,408.0,17%,-1953,1594,1411.0,89%,-183,0,0,736.9393032867546,-328.9393032867546,-44.635874599126815,1528.0550989790092,-117.05509897900924,-7.6603977865209965
35,Darien,470,38.0,8%,-432,602,724.0,120%,122,0,0,146.7011743095191,-108.7011743095191,-74.09700353193814,577.094836628208,146.905163371792,25.455982976752107
36,Deep River,56,2.0,40%,-3,151,57.0,1140%,52,1,1,17.47928885390015,-15.479288853900151,-88.55788689850651,144.7530238054143,-87.7530238054143,-60.62258424623804
37,Derby,400,110.0,28%,-290,282,121.0,43%,-161,0,0,124.85206324214393,-14.852063242143927,-11.895729118500142,270.33346167633664,-149.33346167633664,-55.24046514638642
38,Durham,39,43.0,860%,38,160,73.0,1460%,68,1,1,12.173076166109032,30.826923833890966,253.2385685691836,153.3806874759357,-80.3806874759357,-52.40600286691689
39,East Granby,20,66.0,1320%,61,5,103.0,2060%,98,1,1,6.242603162107196,59.757396837892806,957.2512505779985,4.793146483622991,98.20685351637701,2048.901569186876
40,East Haddam,240,29.0,12%,-211,214,70.0,33%,-144,0,0,74.91123794528636,-45.91123794528636,-61.28751733994703,205.146669499064,-135.146669499064,-65.87807144472342
41,East Hampton,251,130.0,52%,-121,390,293.0,75%,-97,0,0,78.34466968444532,51.65533031555468,65.9334330256426,373.8654257225933,-80.86542572259327,-21.629554422236176
42,East Hartford,1239,326.0,26%,-913,1012,1125.0,111%,113,0,0,386.7292658925408,-60.72926589254081,-15.70330234831916,970.1328482852932,154.86715171470678,15.96349943087011
43,East Haven,563,96.0,17%,-467,497,336.0,68%,-161,0,0,175.72927901331758,-79.72927901331758,-45.37051506782505,476.43876047212524,-140.43876047212524,-29.476770599637604
44,East Lyme,223,144.0,65%,-79,323,233.0,72%,-90,0,0,69.60502525749524,74.39497474250476,106.88161446287776,309.6372628420452,-76.63726284204517,-24.750658928650985
45,East Windsor,8,33.0,660%,28,198,123.0,2460%,118,1,1,2.4970412648428786,30.502958735157122,1221.564063222498,189.8086007514704,-66.80860075147041,-35.19787854026043
46,Eastford,5,2.0,40%,-3,20,21.0,420%,16,1,1,1.560650790526799,0.439349209473201,28.151666736727073,19.172585934491963,1.8274140655080373,9.531390662437838
47,Easton,173,38.0,22%,-135,67,156.0,233%,89,0,0,53.998517352227246,-15.998517352227246,-29.627697456710568,64.22816288054807,91.77183711945193,142.88410722587497
48,Ellington,432,92.0,21%,-340,346,270.0,78%,-76,0,0,134.84022830151545,-42.84022830151545,-31.77110335776106,331.6857366667109,-61.68573666671091,-18.59764525500077
49,Enfield,780,387.0,50%,-393,817,835.0,102%,18,0,0,243.46152332218065,143.53847667781935,58.95735585613261,783.2001354239966,51.799864576003415,6.613873291526031
50,Essex,49,31.0,620%,26,95,117.0,2340%,112,1,1,15.294377747162631,15.705622252837369,102.6888606550275,91.06978318883682,25.930216811163177,28.472909348423332
51,Fairfield,1382,360.0,26%,-1022,1415,1106.0,78%,-309,0,0,431.3638785016073,-71.3638785016073,-16.54377708896212,1356.4604548653062,-250.46045486530625,-18.464265137030957
52,Farmington,509,410.0,81%,-99,400,589.0,147%,189,0,0,158.87425047562814,251.12574952437186,158.0657336053934,383.45171868983925,205.54828131016075,53.60473595279973
53,Franklin,54,20.0,400%,15,50,41.0,820%,36,1,1,16.85502853768943,3.1449714623105685,18.658950682154682,47.93146483622991,-6.931464836229907,-14.461199673143785
54,Glastonbury,665,349.0,52%,-316,816,648.0,79%,-168,0,0,207.56655514006428,141.43344485993572,68.13884094405167,782.241506127272,-134.24150612727203,-17.161133112441966
55,Goshen,62,14.0,280%,9,5,4.0,80%,-1,1,1,19.35206980253231,-5.352069802532309,-27.65631716475085,4.793146483622991,-0.7931464836229907,-16.547511876237838
56,Granby,30,70.0,1400%,65,113,205.0,4100%,200,1,1,9.363904743160795,60.636095256839205,647.5513892975745,108.32511052987958,96.67488947012042,89.24513346649607
57,Greenwich,1473,305.0,21%,-1168,1926,1613.0,84%,-313,0,0,459.767722889195,-154.767722889195,-33.66215486303164,1846.320025491576,-233.32002549157596,-12.637030540220422
58,Griswold,465,44.0,9%,-421,317,304.0,96%,-13,0,0,145.14052351899232,-101.14052351899232,-69.68455195475273,303.8854870616976,0.11451293830242548,0.03768292438367616
59,Groton,1392,262.0,19%,-1130,1006,660.0,66%,-346,0,0,434.48518008266086,-172.48518008266086,-39.69874876971535,964.3810725049457,-304.3810725049457,-31.562323357749715
60,Guilford,308,70.0,23%,-238,363,404.0,111%,41,0,0,96.13608869645083,-26.136088696450827,-27.186552990495986,347.9824347110291,56.0175652889709,16.09781405647354
61,Haddam,14,17.0,340%,12,75,62.0,1240%,57,1,1,4.369822213475038,12.630177786524962,289.0318454507786,71.89719725434486,-9.89719725434486,-13.76576227211243
62,Hamden,1465,515.0,35%,-950,1280,1046.0,82%,-234,0,0,457.27068162435216,57.729318375647836,12.624758309580947,1227.0454998074856,-181.0454998074856,-14.754587326703886
63,Hampton,60,1.0,20%,-4,104,12.0,240%,7,1,1,18.72780948632159,-17.72780948632159,-94.66034721930305,99.6974468593582,-87.6974468593582,-87.96358344368815
64,Hartford,3845,1200.0,31%,-2645,3518,3922.0,111%,404,0,0,1200.1404579151085,-0.14045791510852723,-0.011703456389807205,3372.457865877136,549.5421341228639,16.295003702883463
65,Hartland,23,2.0,40%,-3,5,19.0,380%,14,1,1,7.178993636423276,-5.178993636423276,-72.14094201375498,4.793146483622991,14.20685351637701,296.39931858787025
66,Harwinton,5,36.0,720%,31,5,45.0,900%,40,1,1,1.560650790526799,34.4393492094732,2206.730001261087,4.793146483622991,40.20685351637701,838.8404913923245
67,Hebron,23,87.0,1740%,82,123,183.0,3660%,178,1,1,7.178993636423276,79.82100636357673,1111.8690224016582,117.91140349712556,65.08859650287444,55.201273644801596
68,Kent,63,0.0,0%,-5,42,41.0,820%,36,1,1,19.664199960637667,-19.664199960637667,-100.0,40.262430462433116,0.737569537566884,1.83190515101932
69,Killingly,385,57.0,15%,-328,369,330.0,89%,-39,0,0,120.17011087056353,-63.17011087056353,-52.56724023380881,353.7342104913767,-23.7342104913767,-6.709616934818717
70,Killingworth,20,33.0,660%,28,5,45.0,900%,40,1,1,6.242603162107196,26.757396837892806,428.62562528899923,4.793146483622991,40.20685351637701,838.8404913923245
71,Lebanon,40,7.0,140%,2,5,85.0,1700%,80,1,1,12.485206324214392,-5.485206324214392,-43.9336458026819,4.793146483622991,80.20685351637701,1673.3653726299458
72,Ledyard,316,99.0,31%,-217,292,240.0,82%,-52,0,0,98.6331299612937,0.36687003870629553,0.3719541687973049,279.9197546435826,-39.91975464358262,-14.261142338600507
73,Lisbon,61,3.0,60%,-2,123,37.0,740%,32,1,1,19.039939644426948,-16.039939644426948,-84.24364753236962,117.91140349712556,-80.91140349712556,-68.62050751443903
74,Litchfield,160,43.0,27%,-117,101,179.0,177%,78,0,0,49.94082529685757,-6.940825296857568,-13.898098911261497,96.82155896918441,82.17844103081559,84.87618037318599
75,Lyme,44,0.0,0%,-5,111,0.0,0%,-5,1,1,13.733726956635833,-13.733726956635833,-100.0,106.40785193643039,-106.40785193643039,-100.0
76,Madison,298,132.0,44%,-166,323,403.0,125%,80,0,0,93.01478711539723,38.985212884602774,41.91291954067091,309.6372628420452,93.36273715795483,30.15229378435044
77,Manchester,1965,386.0,20%,-1579,1259,1160.0,92%,-99,0,0,613.335760677032,-227.335760677032,-37.065466462625125,1206.914284576269,-46.91428457626898,-3.8871264658815385
78,Mansfield,218,114.0,52%,-104,234,289.0,123%,55,0,0,68.04437446696843,45.955625533031565,67.53772944939091,224.31925543355595,64.68074456644405,28.834236473115737
79,Marlborough,7,45.0,900%,40,119,62.0,1240%,57,1,1,2.184911106737519,42.815088893262484,1959.580358268828,114.07688631022717,-52.07688631022717,-45.650690507633875
80,Meriden,1478,417.0,28%,-1061,1537,1171.0,76%,-366,0,0,461.32837367972184,-44.328373679721835,-9.60885482203115,1473.4132290657071,-302.4132290657071,-20.52467176892851
81,Middlebury,69,60.0,87%,-9,169,118.0,70%,-51,0,0,21.53698090926983,38.46301909073017,178.5905798624501,162.00835114645707,-44.00835114645707,-27.164248531035977
82,Middlefield,5,13.0,260%,8,46,79.0,1580%,74,1,1,1.560650790526799,11.439349209473201,732.985833788726,44.09694764933151,34.90305235066849,79.15072178742422
83,Middletown,1196,346.0,29%,-850,828,864.0,104%,36,0,0,373.30766909401035,-27.30766909401035,-7.315057084223319,793.7450576879672,70.25494231203277,8.851071465776737
84,Milford,1193,404.0,34%,-789,990,871.0,88%,-119,0,0,372.3712786196943,31.628721380305706,8.493867061269343,949.043003757352,-78.04300375735204,-8.223336924498923
85,Monroe,269,122.0,45%,-147,401,296.0,74%,-105,0,0,83.96301253034179,38.036987469658214,45.302075668036274,384.4103479865638,-88.4103479865638,-22.998951107750614
86,Montville,230,152.0,66%,-78,365,193.0,53%,-172,0,0,71.78993636423276,80.21006363576724,111.72884069546211,349.8996933044783,-156.89969330447832,-44.84133490449967
87,Morris,20,3.0,60%,-2,176,6.0,120%,1,1,1,6.242603162107196,-3.242603162107196,-51.94312497372735,168.71875622352925,-162.71875622352925,-96.44378601745332
88,Naugatuck,1032,91.0,9%,-941,805,445.0,55%,-360,0,0,322.11832316473135,-231.11832316473135,-71.74951145096375,771.6965838633015,-326.6965838633015,-42.3348490449159
89,New Britain,1935,350.0,18%,-1585,1451,1517.0,105%,66,0,0,603.9718559338712,-253.9718559338712,-42.05027989941282,1390.9711095473917,126.02889045260827,9.060496626246739
90,New Canaan,333,30.0,9%,-303,391,686.0,175%,295,0,0,103.93934264908482,-73.93934264908482,-71.13701199623264,374.8240550193178,311.1759449806822,83.01920349392856
91,New Fairfield,212,28.0,13%,-184,292,200.0,69%,-92,0,0,66.17159351833628,-38.17159351833628,-57.68577041711842,279.9197546435826,-79.91975464358262,-28.55095194883376
92,New Hartford,5,3.0,60%,-2,14,103.0,2060%,98,1,1,1.560650790526799,1.439349209473201,92.22750010509061,13.420810154144373,89.57918984585562,667.46484613817
93,New Haven,3151,1224.0,39%,-1927,3326,4106.0,123%,780,0,0,983.5221281899888,240.47787181001115,24.45068239110911,3188.4010409060133,917.5989590939867,28.779283011187406
94,New London,446,176.0,39%,-270,585,415.0,71%,-170,0,0,139.21005051499048,36.789949485009515,26.427653282869745,560.7981385838899,-145.7981385838899,-25.998327838971587
95,New Milford,467,205.0,44%,-262,529,460.0,87%,-69,0,0,145.76478383520305,59.23521616479695,40.63753576568012,507.1148979673124,-47.1148979673124,-9.290773778519386
96,Newington,659,203.0,31%,-456,498,499.0,100%,1,0,0,205.6937741914321,-2.6937741914321123,-1.309604144326269,477.39738976884985,21.60261023115015,4.525079251398898
97,Newtown,503,145.0,29%,-358,507,553.0,109%,46,0,0,157.001469526996,-12.001469526996004,-7.644176556533684,486.0250534393712,66.97494656062878,13.780142831460749
98,Norfolk,18,9.0,49%,-9,22,33.0,151%,11,0,0,5.618342845896477,3.3816571541035234,60.18958342090883,21.089844527941157,11.910155472058843,56.473415232054066
99,North Branford,63,127.0,2540%,122,161,222.0,4440%,217,1,1,19.664199960637667,107.33580003936234,545.8437172842991,154.33931677266028,67.66068322733972,43.838915865490705
100,North Canaan,24,140.0,0%,-5,5,427.0,0%,-5,1,1,7.491123794528636,132.50887620547135,1768.8784732439362,4.793146483622991,422.206853516377,8808.553107211612
101,North Haven,485,61.0,13%,-424,458,284.0,62%,-174,0,0,151.38312668109953,-90.38312668109953,-59.70488829412191,439.0522178998659,-155.05221789986592,-35.315211170446354
102,North Stonington,45,53.0,1060%,48,78,102.0,2040%,97,1,1,14.045857114741192,38.954142885258804,277.33546316925185,74.77308514451865,27.226914855481354,36.41272097153432
103,Norwalk,1771,461.0,26%,-1310,1483,1663.0,112%,180,0,0,552.7825100045923,-91.78251000459227,-16.60372901520162,1421.647247042579,241.352752957421,16.976978885549965
104,Norwich,1227,280.0,23%,-947,849,655.0,77%,-194,0,0,382.9837039952765,-102.98370399527653,-26.889839677498827,813.8762729191837,-158.87627291918375,-19.52093680644255
105,Old Lyme,82,23.0,28%,-59,107,75.0,70%,-32,0,0,25.594672964639507,-2.594672964639507,-10.137550763880418,102.573334749532,-27.573334749531995,-26.881581667264452
106,Old Saybrook,300,72.0,24%,-228,184,211.0,115%,27,0,0,93.63904743160795,-21.63904743160795,-23.108999957963764,176.38779059732605,34.612209402673955,19.622792079577565
107,Orange,289,213.0,74%,-76,306,385.0,126%,79,0,0,90.20561569244899,122.79438430755101,136.1272060114435,293.340564797727,91.65943520227302,31.246764410328588
108,Oxford,222,7.0,3%,-215,278,55.0,20%,-223,0,0,69.29289509938988,-62.29289509938988,-89.89795419868143,266.49894448943826,-211.49894448943826,-79.3620195737099
109,Plainfield,365,119.0,33%,-246,371,308.0,83%,-63,0,0,113.92750770845633,5.072492291543668,4.452385901852884,355.65146908482586,-47.65146908482586,-13.39836138100152
110,Plainville,346,126.0,36%,-220,360,261.0,72%,-99,0,0,107.99703470445449,18.002965295545508,16.66987000597985,345.1065468208553,-84.10654682085533,-24.37118263784054
111,Plymouth,280,28.0,10%,-252,278,129.0,46%,-149,0,0,87.39644426950075,-59.39644426950075,-67.96208331581823,266.49894448943826,-137.49894448943826,-51.59455500015594
112,Pomfret,33,22.0,440%,17,220,55.0,1100%,50,1,1,10.300295217476874,11.699704782523126,113.58611122787845,210.89844527941156,-155.89844527941156,-73.92109746132432
113,Portland,5,33.0,660%,28,163,139.0,2780%,134,1,1,1.560650790526799,31.4393492094732,2014.5025011559965,156.25657536610947,-17.256575366109473,-11.043743487707498
114,Preston,38,22.0,440%,17,157,58.0,1160%,53,1,1,11.860946008003673,10.139053991996327,85.4826755399997,150.5047995857619,-92.5047995857619,-61.46302300017352
115,Prospect,29,54.0,1080%,49,88,104.0,2080%,99,1,1,9.051774585055435,44.94822541494457,496.5681037744191,84.35937811176463,19.640621888235373,23.282084728285025
116,Putnam,330,63.0,19%,-267,161,198.0,123%,37,0,0,103.00295217476874,-40.00295217476874,-38.836704512016624,154.33931677266028,43.66068322733972,28.28876279895117
117,Redding,173,20.0,12%,-153,164,180.0,110%,16,0,0,53.998517352227246,-33.998517352227246,-62.961946029847674,157.21520466283408,22.784795337165917,14.492742852722488
118,Ridgefield,396,284.0,72%,-112,539,638.0,118%,99,0,0,123.6035426097225,160.3964573902775,129.76687722999043,516.7011909345583,121.29880906544167,23.475620183117503
119,Rocky Hill,622,148.0,24%,-474,337,410.0,122%,73,0,0,194.14495834153382,-46.14495834153382,-23.7683011373167,323.05807299618954,86.94192700381046,26.912166657056712
120,Roxbury,29,13.0,260%,8,97,14.0,280%,9,1,1,9.051774585055435,3.948225414944565,43.61824720495274,92.98704178228601,-78.98704178228601,-84.94413874055837
121,Salem,5,30.0,600%,25,5,63.0,1260%,58,1,1,1.560650790526799,28.4393492094732,1822.275001050906,4.793146483622991,58.20685351637701,1214.3766879492541
122,Salisbury,52,36.0,69%,-16,80,49.0,61%,-31,0,0,16.230768221478712,19.769231778521288,121.8009616597199,76.69034373796785,-27.69034373796785,-36.106688780244596
123,Scotland,5,3.0,60%,-2,131,26.0,520%,21,1,1,1.560650790526799,1.439349209473201,92.22750010509061,125.58043787092235,-99.58043787092235,-79.29613844257808
124,Seymour,400,84.0,21%,-316,329,235.0,71%,-94,0,0,124.85206324214393,-40.85206324214393,-32.72037496321829,315.3890386223928,-80.38903862239277,-25.488849889498066
125,Sharon,5,0.0,0%,-5,89,7.0,140%,2,1,1,1.560650790526799,-1.560650790526799,-100.0,85.31800740848922,-78.31800740848922,-91.79540144850652
126,Shelton,569,443.0,78%,-126,607,828.0,136%,221,0,0,177.60205996194975,265.39794003805025,149.43404378018494,581.887983111831,246.11201688816902,42.29542867890256
127,Sherman,5,2.0,40%,-3,137,25.0,500%,20,1,1,1.560650790526799,0.439349209473201,28.151666736727073,131.33221365126994,-106.33221365126994,-80.96430471629512
128,Simsbury,462,176.0,38%,-286,426,406.0,95%,-20,0,0,144.20413304467624,31.79586695532376,22.049206415930538,408.37608040467876,-2.37608040467876,-0.5818363314335628
129,Somers,122,25.0,20%,-97,224,114.0,51%,-110,0,0,38.079879288853896,-13.079879288853896,-34.348531384873425,214.73296246630997,-100.73296246630997,-46.91080554626737
130,South Windsor,724,231.0,32%,-493,430,481.0,112%,51,0,0,225.98223446828052,5.017765531719476,2.2204247796407124,412.21059759157714,68.78940240842286,16.6879267079349
131,Southbury,294,106.0,36%,-188,478,227.0,47%,-251,0,0,91.7662664829758,14.233733517024206,15.510856072219964,458.2248038343579,-231.22480383435789,-50.46099685121859
132,Southington,950,178.0,19%,-772,922,554.0,60%,-368,0,0,296.5236502000918,-118.52365020009182,-39.971061370691004,883.8562115800794,-329.8562115800794,-37.320121447174294
133,Sprague,63,9.0,180%,4,312,71.0,1420%,66,1,1,19.664199960637667,-10.664199960637667,-54.23154759402604,299.0923405780746,-228.09234057807458,-76.26151179171829
134,Stafford,275,60.0,22%,-215,249,232.0,93%,-17,0,0,85.83579347897395,-25.835793478973955,-30.09909087087615,238.69869488442492,-6.698694884424924,-2.8063391329677576
135,Stamford,3477,1010.0,29%,-2467,3033,3161.0,104%,128,0,0,1085.2765597323362,-75.27655973233618,-6.936163787680237,2907.522656965706,253.47734303429388,8.717983415435295
136,Sterling,56,8.0,160%,3,165,52.0,1040%,47,1,1,17.47928885390015,-9.479288853900151,-54.231547594026054,158.1738339595587,-106.17383395955869,-67.12477740579065
137,Stonington,369,107.0,29%,-262,289,329.0,114%,40,0,0,115.17602834087778,-8.176028340877778,-7.098723978117917,277.04386675340885,51.95613324659115,18.753756888917618
138,Stratford,839,219.0,26%,-620,1072,895.0,83%,-177,0,0,261.8772026503969,-42.877202650396896,-16.373018428655463,1027.650606088769,-132.6506060887691,-12.908142641362941
139,Suffield,209,43.0,21%,-166,229,201.0,88%,-28,0,0,65.23520304402021,-22.23520304402021,-34.08466902297532,219.52610894993296,-18.52610894993296,-8.439136938448714
140,Thomaston,5,57.0,1140%,52,5,99.0,1980%,94,1,1,1.560650790526799,55.4393492094732,3552.3225019967213,4.793146483622991,94.20685351637701,1965.4490810631135
141,Thompson,159,52.0,33%,-107,223,108.0,48%,-115,0,0,49.628695138752214,2.3713048612477863,4.778092300468665,213.77433316958536,-105.77433316958536,-49.47943544077178
142,Tolland,230,128.0,56%,-102,221,365.0,166%,144,0,0,71.78993636423276,56.21006363576724,78.2979711119681,211.85707457613617,153.14292542386383,72.28596247269905
143,Torrington,647,176.0,27%,-471,738,605.0,82%,-133,0,0,201.9482122941678,-25.948212294167803,-12.848943795734296,707.4684209827534,-102.4684209827534,-14.483815523583823
144,Trumbull,905,176.0,19%,-729,783,908.0,116%,125,0,0,282.47779308535064,-106.47779308535064,-37.69421727717137,750.6067393353603,157.39326066463968,20.96880462384426
145,Union,49,0.0,0%,-5,178,9.0,180%,4,1,1,15.294377747162631,-15.294377747162631,-100.0,170.63601481697845,-161.63601481697845,-94.72561521689705
146,Vernon,623,135.0,22%,-488,559,367.0,66%,-192,0,0,194.45708849963916,-59.457088499639156,-30.575942979702425,535.8737768690503,-168.8737768690503,-31.513722850132563
147,Voluntown,5,2.0,40%,-3,17,50.0,1000%,45,1,1,1.560650790526799,0.439349209473201,28.151666736727073,16.296698044318166,33.70330195568184,206.81061810206685
148,Wallingford,812,477.0,59%,-335,867,888.0,102%,21,0,0,253.44968838155216,223.55031161844784,88.20303273835842,831.1316002602265,56.86839973977351,6.842285833190323
149,Warren,12,9.0,77%,-3,25,8.0,32%,-17,0,0,3.745561897264318,5.254438102735682,140.28437513136322,23.965732418114953,-15.965732418114953,-66.61900475049514
150,Washington,24,14.0,280%,9,115,90.0,1800%,85,1,1,7.491123794528636,6.508876205471364,86.88784732439365,110.24236912332877,-20.24236912332877,-18.36169640066744
151,Waterbury,3547,825.0,23%,-2722,3034,2546.0,84%,-488,0,0,1107.1256707997113,-282.1256707997113,-25.482714224838016,2908.4812862624303,-362.48128626243033,-12.462905915005564
152,Waterford,263,57.0,22%,-206,312,805.0,258%,493,0,0,82.09023158170963,-25.09023158170963,-30.56421098865549,299.0923405780746,505.9076594219254,169.14764799530667
153,Watertown,399,123.0,31%,-276,417,344.0,83%,-73,0,0,124.53993308403857,-1.5399330840385659,-1.2364974397404174,399.7484167341574,-55.74841673415739,-13.945875555832773
154,West Hartford,1216,409.0,34%,-807,1505,966.0,64%,-539,0,0,379.5502722561175,29.449727743882477,7.759111215710059,1442.73709157052,-476.7370915705201,-33.04393394721407
155,West Haven,1441,178.0,12%,-1263,1029,893.0,87%,-136,0,0,449.7795578298235,-271.7795578298235,-60.42505780857491,986.4295463296114,-93.42954632961141,-9.47148700860105
156,Westbrook,5,34.0,680%,29,220,74.0,1480%,69,1,1,1.560650790526799,32.4393492094732,2078.57833452436,210.89844527941156,-136.89844527941156,-64.91202203887272
157,Weston,172,8.0,5%,-164,234,111.0,47%,-123,0,0,53.68638719412189,-45.68638719412189,-85.09864340270616,224.31925543355595,-113.31925543355595,-50.51695415738461
158,Westport,358,162.0,45%,-196,471,979.0,208%,508,0,0,111.74259660171882,50.257403398281184,44.97604756529179,451.5143987572857,527.4856012427143,116.82586484385129
159,Wethersfield,470,80.0,17%,-390,447,470.0,105%,23,0,0,146.7011743095191,-66.7011743095191,-45.46737585671188,428.50729563589533,41.49270436410467,9.683080028434619
160,Willington,64,37.0,740%,32,87,52.0,1040%,47,1,1,19.97633011874303,17.02366988125697,85.21920583042584,83.40074881504003,-31.400748815040032,-37.650439907534015
161,Wilton,324,290.0,90%,-34,494,667.0,135%,173,0,0,101.13017122613658,188.86982877386342,186.75913081520716,473.56287258195147,193.43712741804853,40.84719022912288
162,Winchester,198,41.0,21%,-157,164,130.0,80%,-34,0,0,61.80177130486125,-20.801771304861248,-33.65885939134079,157.21520466283408,-27.215204662834083,-17.310796828589314
163,Windham,535,110.0,21%,-425,636,525.0,83%,-111,0,0,166.98963458636752,-56.989634586367515,-34.12764793906553,609.6882327168444,-84.68823271684437,-13.890416145882195
164,Windsor,56,88.0,1760%,83,111,113.0,2260%,108,1,1,17.47928885390015,70.52071114609984,403.4529764657134,106.40785193643039,6.59214806356961,6.195170698030682
165,Windsor Locks,776,278.0,36%,-498,613,488.0,80%,-125,0,0,242.21300268975924,35.786997310240764,14.775010801579002,587.6397588921786,-99.63975889217863,-16.955925358083327
166,Wolcott,181,87.0,48%,-94,301,163.0,54%,-138,0,0,56.49555861707013,30.50444138292987,53.99440616153666,288.547418314104,-125.547418314104,-43.51015131157295
167,Woodbridge,5,80.0,1600%,75,56,192.0,3840%,187,1,1,1.560650790526799,78.4393492094732,5026.0666694690835,53.68324061657749,138.3167593834225,257.65352053040925
168,Woodbury,263,49.0,19%,-214,204,101.0,50%,-103,0,0,82.09023158170963,-33.09023158170963,-40.30958488498454,195.560376531818,-94.56037653181801,-48.353545952818756
169,Woodstock,37,51.0,1020%,46,16,69.0,1380%,64,1,1,11.548815849898313,39.45118415010169,341.6037164576406,15.338068747593569,53.66193125240643,349.86106879215544
