total population,housing units,pop_male_under_5,pop_female_under_5,median_family_income_in_the_past_12_months_in_2019_inflation-adjusted_dollars_by_family_size_total,ratio of income to poverty level - < 0.5,children under 6 ratio of income to poverty level - < 0.5,children under 6 by parent employment status - all categories,children under 6 by parent employment status - both parents - in labor force,children under 6 by parent employment status - only father - in labor force,children under 6 by parent employment status - only mother - in labor force,ratio of income to poverty level - 0.51 - 1.0,ratio of income to poverty level - 1.01 - 2.0,ratio of income to poverty level - > 2.0,children under 6 ratio of income to poverty level - 0.51 - 1.0,children under 6 ratio of income to poverty level - 1.01 - 2.0,children under 6 ratio of income to poverty level - > 2.0,town,demand_estimate,ratio_poverty,demand_estimate_2,%housing_lowerHalf_income,demand_estimate_3,children_below_200%_poverty,%all_parents_working,demand_estimate_4
6903,4365,67,44,126890.0,77,14,142,98,0,0,20,76,1805,0,0,128,Westbrook,56.0,0.02506156743444879,3.0,0.3161668839634941,36.0,14,0.6901408450704225,10.0
9007,4633,189,293,107654.0,32,46,585,312,0,99,34,227,2359,0,17,522,East Haddam,241.0,0.03253025424669701,16.0,0.2571888531142445,124.0,63,0.7025641025641025,45.0
10090,5735,163,166,101012.0,69,0,465,277,47,37,38,301,2403,0,59,406,Old Saybrook,165.0,0.04043607532210109,14.0,0.2841922695738355,94.0,59,0.7763440860215054,46.0
7221,2913,180,185,129156.0,23,0,398,164,18,68,14,58,1972,0,62,336,Durham,183.0,0.013156072566126576,5.0,0.20170336518487744,74.0,62,0.628140703517588,39.0
4480,2095,106,122,114583.0,0,0,261,140,59,0,9,63,1179,0,0,261,Deep River,114.0,0.01607142857142857,4.0,0.23381696428571427,54.0,0,0.7624521072796935,0.0
12944,6182,254,229,101429.0,52,18,594,335,60,70,80,308,3258,46,138,392,Clinton,242.0,0.033992583436341164,17.0,0.23879789864029666,116.0,202,0.7828282828282829,159.0
9322,4168,233,275,121372.0,21,10,547,428,0,80,46,159,2215,33,30,474,Portland,254.0,0.024243724522634628,13.0,0.22355717657155116,114.0,73,0.9287020109689214,68.0
8227,3366,69,96,130729.0,40,0,313,226,35,52,57,171,2161,52,0,261,Haddam,83.0,0.032575665491673754,6.0,0.20457031724808558,34.0,52,1.0,52.0
6392,2370,163,79,127331.0,45,0,256,187,15,11,11,86,1675,0,0,256,Killingworth,121.0,0.022215269086357948,6.0,0.18538798498122652,45.0,0,0.83203125,0.0
46511,21241,1382,914,92599.0,357,178,2574,1085,331,616,555,922,8526,293,348,1773,Middletown,1148.0,0.0394315323256864,91.0,0.22834383264174066,525.0,819,0.7894327894327894,647.0
4381,1948,91,91,128011.0,26,0,224,111,13,15,0,90,1110,0,29,195,Middlefield,91.0,0.026477973065510158,5.0,0.222323670394887,41.0,29,0.6205357142857143,18.0
6168,2636,252,57,106585.0,42,0,376,136,36,102,79,50,1543,0,21,355,Beacon Falls,155.0,0.02772373540856031,9.0,0.2136835278858625,67.0,21,0.7287234042553191,16.0
54763,22397,1431,1447,76651.0,346,440,3342,1198,275,948,675,1718,9357,314,517,2104,West Haven,1439.0,0.05001552142870186,144.0,0.20449025802092655,589.0,1271,0.7244165170556554,921.0
5513,2075,121,174,146532.0,3,0,332,262,0,42,23,66,1556,27,0,305,Bethany,148.0,0.016687828768365682,5.0,0.18819154725194995,56.0,27,0.9156626506024096,25.0
28742,12052,580,594,84981.0,216,68,1297,681,145,218,257,721,5744,193,208,913,East Haven,587.0,0.04154199429406444,49.0,0.20965833971191983,247.0,469,0.8049344641480339,378.0
22216,9249,588,369,134910.0,45,10,1203,812,23,57,58,434,5659,0,104,1089,Guilford,479.0,0.024171768095066617,24.0,0.20816078501980553,200.0,114,0.741479634247714,85.0
18113,8204,362,367,139214.0,46,0,866,496,33,82,52,149,4863,0,15,851,Madison,365.0,0.0136366145862088,10.0,0.22646717826975102,166.0,15,0.7055427251732102,11.0
7739,3046,121,194,139545.0,16,0,371,313,0,11,25,59,1992,0,0,371,Middlebury,158.0,0.01292156609381057,5.0,0.196795451608735,62.0,0,0.8733153638814016,0.0
16615,6329,365,517,109643.0,132,0,1020,522,29,69,33,266,4081,40,158,822,Wolcott,441.0,0.02594041528739091,23.0,0.19046042732470658,168.0,198,0.6078431372549019,121.0
44596,19934,884,859,103955.0,387,160,2061,1032,149,272,172,601,10444,92,141,1695,Wallingford,872.0,0.02601130146201453,46.0,0.2234953807516369,390.0,393,0.7049975739932072,278.0
8827,3107,313,195,166546.0,33,28,577,318,98,25,0,68,2252,0,15,534,Woodbridge,254.0,0.011442166081341338,6.0,0.17599410898379972,90.0,43,0.7642980935875217,33.0
18802,8728,323,330,75496.0,329,105,1006,550,0,217,260,728,3274,182,112,607,Ansonia,327.0,0.07004573981491331,46.0,0.23210296776938624,152.0,399,0.7624254473161034,305.0
13934,5194,408,431,140464.0,82,0,988,544,114,73,12,175,3580,0,41,977,Orange,420.0,0.019305296397301566,17.0,0.1863786421702311,157.0,41,0.7398785425101214,31.0
13086,4902,339,330,124355.0,32,0,738,609,0,0,29,247,3380,0,33,705,Oxford,335.0,0.02353660400427938,16.0,0.18729940394314534,126.0,33,0.8252032520325203,28.0
28020,13632,507,621,100357.0,83,61,1412,852,107,180,232,639,6406,58,302,991,Branford,564.0,0.03404710920770878,39.0,0.24325481798715204,275.0,421,0.806657223796034,340.0
12485,5837,457,210,68775.0,101,39,780,158,22,257,174,458,2189,162,376,263,Derby,334.0,0.05871045254305166,40.0,0.23376051261513817,156.0,577,0.5602564102564103,324.0
130331,55682,4001,4215,49929.0,2294,1810,9362,2463,610,3470,3087,5581,14333,1946,2607,3138,New Haven,4108.0,0.08410892266613469,692.0,0.21361763509832657,1756.0,6363,0.6988891262550737,4448.0
17619,8261,365,404,98062.0,103,0,883,420,18,192,115,407,3813,42,176,665,Plainville,385.0,0.035473068846132015,28.0,0.23443441739031728,181.0,218,0.7134767836919592,156.0
24799,9971,591,554,151424.0,39,0,1297,906,85,40,64,262,6442,14,107,1213,Simsbury,573.0,0.014718335416750675,17.0,0.20103633211016572,231.0,121,0.79491133384734,97.0
63063,26437,1981,1341,138365.0,244,131,3813,2195,71,503,337,947,14016,72,270,3365,West Hartford,1661.0,0.024229738515452803,81.0,0.20960785246499533,697.0,473,0.7261998426435877,344.0
28859,11371,731,663,105415.0,15,6,1541,1073,47,151,136,484,6600,23,237,1315,Windsor,697.0,0.022003534426002287,31.0,0.19700959839218268,275.0,266,0.8247890979883192,220.0
11445,5277,257,425,96000.0,68,77,788,492,47,200,63,224,2661,0,93,618,East Windsor,341.0,0.031017911751856708,22.0,0.23053735255570118,158.0,170,0.9378172588832487,160.0
72767,31800,2465,2567,53648.0,1353,1072,5433,1114,648,1898,1586,3546,10344,792,1496,2301,New Britain,2516.0,0.08912006816276609,449.0,0.21850564129344346,1100.0,3360,0.6736609607951408,2264.0
60218,26546,1321,1631,85397.0,294,139,3338,2012,214,532,789,1814,12096,388,616,2318,Bristol,1476.0,0.04810853897505729,143.0,0.2204158225115414,651.0,1143,0.8262432594367884,945.0
43781,18318,870,1101,113553.0,141,98,2429,1622,79,157,157,770,10972,50,179,2127,Southington,986.0,0.024394143578264544,49.0,0.20920033804618443,413.0,327,0.7649238369699465,251.0
5304,2156,101,56,107850.0,0,0,191,104,0,32,22,32,1234,0,0,191,East Granby,79.0,0.010180995475113122,2.0,0.20324283559577677,32.0,0,0.7120418848167539,0.0
18312,7384,593,519,168221.0,34,0,1297,689,0,123,126,242,4717,10,18,1269,Avon,556.0,0.021952817824377458,25.0,0.2016164263870686,225.0,28,0.6260601387818041,18.0
20484,8584,278,380,119071.0,51,25,857,577,62,58,91,302,5493,71,82,726,Berlin,329.0,0.021675454012888107,15.0,0.20952938879125171,138.0,178,0.8133022170361727,145.0
9659,3688,197,175,139120.0,26,0,499,366,4,41,13,188,2492,28,18,453,Burlington,186.0,0.023501397660213273,9.0,0.1909100320944197,72.0,46,0.8236472945891784,38.0
1982,855,19,42,109861.0,4,0,67,44,6,6,3,32,476,4,0,63,Hartland,31.0,0.019677093844601413,2.0,0.2156912209889001,14.0,4,0.835820895522388,4.0
50272,20976,2073,1305,70319.0,449,243,3682,1167,515,1301,798,2263,8705,460,1259,1760,East Hartford,1689.0,0.06982017823042648,236.0,0.20862507956715468,705.0,1962,0.8101575230852798,1590.0
123088,54753,3799,3836,42536.0,2845,1869,8916,1065,978,4368,3321,6793,13128,1678,3147,2554,Hartford,3818.0,0.10528239958403744,804.0,0.22241404523592875,1699.0,6694,0.7190444145356663,4814.0
21022,9300,352,355,92912.0,137,0,774,405,12,230,138,446,4837,53,229,509,Bloomfield,354.0,0.034297402720959,25.0,0.22119684140424317,157.0,282,0.8359173126614987,236.0
34564,13987,825,680,146328.0,89,58,1934,1232,78,125,69,335,8893,0,25,1851,Glastonbury,753.0,0.014263395440342552,22.0,0.20233479921305406,305.0,83,0.7419855222337125,62.0
6368,2372,140,279,129410.0,0,0,524,444,0,19,15,97,1745,0,238,286,Marlborough,210.0,0.017587939698492462,8.0,0.18624371859296482,79.0,238,0.8835877862595419,211.0
20168,9251,408,399,107654.0,66,17,1071,572,32,83,53,436,4824,0,113,974,Rocky Hill,404.0,0.027518841729472433,23.0,0.22934847282824275,186.0,130,0.6414565826330533,84.0
2489,1058,60,47,90735.0,21,0,134,118,0,12,20,78,545,8,43,83,Chaplin,54.0,0.047810365608678185,6.0,0.2125351546805946,23.0,51,0.9701492537313433,50.0
15105,6154,536,452,79007.0,138,79,1071,478,46,265,129,477,3162,0,391,601,Plainfield,494.0,0.04925521350546177,49.0,0.20370738166170144,202.0,470,0.7366946778711485,347.0
9351,4152,348,133,93396.0,57,35,545,297,64,97,61,196,2324,10,90,438,Thompson,241.0,0.033579296331943106,17.0,0.2220083413538659,107.0,135,0.8403669724770643,114.0
7836,3677,107,233,103668.0,19,0,397,196,39,35,42,56,2256,20,44,333,Woodstock,170.0,0.014931087289433384,6.0,0.23462225625319041,80.0,64,0.6801007556675063,44.0
1569,678,25,27,95781.0,0,0,60,46,0,8,7,37,389,4,0,56,Scotland,26.0,0.02804333970681963,2.0,0.21606118546845124,12.0,4,0.9,4.0
4186,1689,23,0,127530.0,8,0,44,44,0,0,28,67,982,0,0,44,Pomfret,12.0,0.02460582895365504,1.0,0.2017439082656474,5.0,0,1.0,0.0
24655,9447,518,632,48527.0,248,54,1473,328,110,551,662,1201,2767,378,448,600,Windham,575.0,0.08562157777327115,99.0,0.19158385722977084,221.0,880,0.6714188730482009,591.0
4236,1934,74,219,92500.0,45,8,305,60,124,46,28,100,857,0,157,153,Ashford,147.0,0.04084041548630784,12.0,0.22828139754485363,67.0,165,0.7540983606557377,125.0
8238,3096,126,213,86027.0,41,74,383,96,108,140,30,180,1974,26,63,220,Brooklyn,170.0,0.030468560330177228,11.0,0.18790968681718864,64.0,163,0.8981723237597912,147.0
17231,8102,657,506,83286.0,117,97,1358,696,56,336,309,372,3527,161,136,964,Killingly,582.0,0.04631187975161047,54.0,0.23509952991701005,274.0,394,0.801178203240059,316.0
9361,4483,129,76,75714.0,70,0,271,192,39,17,89,339,1920,53,6,216,Putnam,103.0,0.05319944450379233,11.0,0.23945091336395685,50.0,59,0.915129151291513,54.0
4234,2027,29,73,102206.0,0,0,102,66,0,0,18,48,988,0,0,102,Chester,51.0,0.015588096362777516,2.0,0.23937175247992443,25.0,0,0.6470588235294118,0.0
6604,3494,60,51,123800.0,13,31,116,65,0,0,0,236,1589,0,0,85,Essex,56.0,0.03770442156268928,5.0,0.2645366444579043,30.0,31,0.5603448275862069,18.0
12827,5537,266,249,114615.0,118,39,785,560,16,39,10,199,3129,0,22,731,East Hampton,258.0,0.02549310049115148,14.0,0.21583378810321976,112.0,61,0.7834394904458599,48.0
13910,6253,308,309,117722.0,7,0,750,588,23,35,52,369,3068,0,48,718,Cromwell,309.0,0.03076923076923077,19.0,0.22476635514018692,139.0,48,0.8613333333333333,42.0
3203,1357,85,73,122500.0,0,0,186,74,30,0,0,51,837,0,30,165,Andover,79.0,0.015922572588198562,3.0,0.21183265688417108,34.0,30,0.5591397849462365,17.0
12433,4999,182,339,118373.0,16,0,754,485,0,69,69,145,3297,55,93,606,Coventry,261.0,0.018499155473337088,10.0,0.20103756132872194,105.0,148,0.7347480106100795,109.0
4911,1952,96,32,127292.0,18,10,143,105,10,0,26,24,1252,0,0,141,Bolton,64.0,0.013846467114640602,2.0,0.198737527998371,26.0,10,0.8041958041958042,9.0
14713,5473,445,269,142626.0,44,0,966,842,0,6,33,154,3931,0,47,919,Tolland,357.0,0.015700401005913137,12.0,0.18599197988173724,133.0,47,0.8778467908902692,42.0
11005,3725,214,227,125991.0,10,0,555,450,12,25,12,107,2645,0,24,531,Somers,221.0,0.011721944570649704,6.0,0.1692412539754657,75.0,24,0.8774774774774775,22.0
29232,14072,899,956,85694.0,285,194,2122,845,136,722,107,1057,5666,68,627,1240,Vernon,928.0,0.04956896551724138,92.0,0.2406951286261631,447.0,889,0.8025447690857681,714.0
894,408,18,9,103125.0,0,0,43,31,0,0,9,9,273,8,0,35,Union,14.0,0.020134228187919462,1.0,0.22818791946308725,7.0,8,0.7209302325581395,6.0
5417,2315,124,107,114667.0,0,0,325,159,15,52,0,157,1615,0,0,325,Columbia,116.0,0.0289828318257338,7.0,0.2136791582056489,50.0,0,0.6953846153846154,0.0
16170,7418,402,375,122471.0,17,19,924,587,50,0,133,183,3799,0,60,845,Ellington,389.0,0.020593692022263452,17.0,0.22937538651824366,179.0,79,0.6893939393939394,55.0
25799,6323,163,144,113068.0,25,14,412,128,0,46,119,336,2203,33,116,269,Mansfield,154.0,0.018605372301251987,6.0,0.12254350943835032,38.0,163,0.4223300970873786,69.0
11881,5113,255,181,96698.0,43,36,484,210,0,93,95,197,2644,7,106,335,Stafford,218.0,0.02819627977442976,13.0,0.2151754902785961,94.0,149,0.6260330578512396,94.0
5893,2807,75,112,115511.0,0,0,228,108,0,36,30,36,1265,13,0,215,Willington,94.0,0.01119972849143051,3.0,0.23816392329882913,45.0,13,0.631578947368421,9.0
62587,24560,1725,1766,204729.0,294,114,4217,2045,94,234,451,945,14523,50,406,3719,Greenwich,1746.0,0.02700241264160289,95.0,0.19620688002300798,685.0,570,0.5627223144415461,321.0
9176,3959,267,264,158958.0,29,0,566,301,0,21,32,168,2412,0,0,566,Redding,266.0,0.02495640802092415,14.0,0.2157258064516129,115.0,0,0.568904593639576,0.0
20276,7655,619,584,248162.0,37,0,1545,635,81,64,77,231,5092,0,71,1474,New Canaan,602.0,0.017015190372854608,21.0,0.18876997435391596,228.0,71,0.5048543689320388,36.0
13955,5889,470,282,134960.0,35,0,795,455,10,19,69,194,3585,36,5,754,New Fairfield,376.0,0.02135435327839484,17.0,0.2109996417054819,159.0,41,0.6088050314465409,25.0
27822,10506,680,452,151643.0,46,0,1411,871,43,99,53,240,7371,11,45,1377,Newtown,566.0,0.012184602113435411,14.0,0.18880741858960534,214.0,56,0.7179305457122608,41.0
10287,3882,237,217,242083.0,22,0,661,427,0,11,22,134,2748,0,12,649,Weston,227.0,0.017303392631476622,8.0,0.18868474773986585,86.0,12,0.6626323751891074,8.0
7543,2870,92,159,172786.0,31,0,272,176,0,15,8,67,2110,0,0,272,Easton,126.0,0.014052764152194088,4.0,0.19024260904149543,48.0,0,0.7022058823529411,0.0
145639,58552,4816,4439,53271.0,2549,1989,10408,2557,1033,4137,3555,7224,18738,1806,3509,3481,Bridgeport,4628.0,0.09151394887358469,847.0,0.20101758457556013,1861.0,7304,0.7424096848578017,5423.0
21742,7278,773,656,250001.0,114,0,1779,836,11,53,28,133,5437,9,12,1758,Darien,715.0,0.01264833042038451,19.0,0.1673719069082881,240.0,21,0.5059021922428331,11.0
25042,9726,612,663,200854.0,40,0,1572,761,17,81,27,329,6610,17,53,1502,Ridgefield,638.0,0.015813433431834518,21.0,0.19419375449245269,248.0,70,0.5464376590330788,39.0
41141,17208,781,957,117256.0,164,32,1841,1186,34,179,192,730,10114,53,192,1645,Shelton,869.0,0.026397024865705745,46.0,0.20913444009625434,364.0,277,0.7599130907115698,211.0
28016,10931,710,587,250001.0,125,10,1629,778,10,80,125,166,7153,50,39,1530,Westport,649.0,0.014848657909765849,20.0,0.1950849514563107,254.0,99,0.532842234499693,53.0
84619,32990,2746,2561,85157.0,620,401,6004,2274,851,1570,1201,2391,15344,571,1399,3752,Danbury,2654.0,0.04977605502310356,265.0,0.19493258015339346,1035.0,2371,0.7819786808794137,1855.0
3649,1799,42,54,117594.0,10,0,103,64,0,17,0,73,970,0,7,96,Sherman,48.0,0.02274595779665662,3.0,0.2465058920252124,24.0,7,0.7864077669902912,6.0
17016,6721,415,369,127287.0,54,0,955,660,0,17,114,237,4291,0,52,903,Brookfield,392.0,0.023801128349788436,19.0,0.1974905970850964,155.0,52,0.7089005235602094,37.0
35976,12631,860,989,138681.0,61,5,2210,1543,130,79,94,423,9148,31,124,2050,Trumbull,925.0,0.016066266399822105,30.0,0.17554758728040917,325.0,160,0.7927601809954751,127.0
19681,8779,470,305,128856.0,62,0,951,625,80,127,56,217,4845,0,26,932,Southbury,388.0,0.017021492810324678,14.0,0.22303236624155276,173.0,26,0.8748685594111462,23.0
29147,10958,781,397,139306.0,9,0,1447,762,52,153,29,232,7292,27,103,1317,Cheshire,589.0,0.009263389028030328,11.0,0.18797817957251176,222.0,130,0.668279198341396,87.0
60982,25084,1343,1216,102709.0,206,0,2950,1541,84,753,454,1193,11829,234,379,2499,Hamden,1280.0,0.030386015545570823,78.0,0.20566724607261158,527.0,613,0.8061016949152542,495.0
14191,5855,300,322,113092.0,13,0,679,534,0,53,55,169,3585,0,113,566,North Branford,311.0,0.016700725812134453,11.0,0.20629272073849622,129.0,113,0.8645066273932254,98.0
16508,6573,273,325,97375.0,34,28,635,373,98,65,64,540,3431,0,54,579,Seymour,299.0,0.038647928277198935,24.0,0.19908529197964622,120.0,82,0.8440944881889764,70.0
108276,47830,4206,3274,52884.0,2271,2100,8434,2185,1068,2575,2553,5152,14807,1265,2117,3277,Waterbury,3740.0,0.09213491447781595,690.0,0.22087073774428312,1653.0,5482,0.6910125681764288,3789.0
23722,9583,403,596,119371.0,104,52,1088,727,26,178,123,421,5834,59,84,893,North Haven,500.0,0.02731641514206222,28.0,0.20198549869319618,202.0,195,0.8556985294117647,167.0
54328,24417,1384,1210,115557.0,185,44,2790,1771,65,313,233,1040,12756,73,292,2409,Milford,1297.0,0.026836990134000885,70.0,0.2247183772640259,583.0,409,0.7702508960573476,316.0
5456,2223,83,105,116458.0,12,0,227,104,24,7,16,51,1541,0,0,227,Harwinton,94.0,0.014479472140762463,3.0,0.20372067448680353,39.0,0,0.5947136563876652,0.0
2205,1324,70,81,107955.0,5,0,147,66,12,6,14,78,507,6,47,101,Morris,76.0,0.04399092970521542,7.0,0.3002267573696145,46.0,53,0.5714285714285714,31.0
11711,5382,215,298,103212.0,20,22,597,288,65,102,49,153,2873,24,73,478,Plymouth,257.0,0.01895653658953121,10.0,0.2297839637947229,118.0,119,0.7621440536013401,91.0
2700,1925,45,36,111453.0,12,0,84,48,30,0,35,49,728,40,0,44,Sharon,41.0,0.035555555555555556,3.0,0.35648148148148145,29.0,40,0.9285714285714286,38.0
7599,3353,141,113,92480.0,55,5,283,107,0,47,40,95,1849,34,10,234,Thomaston,127.0,0.025003289906566653,7.0,0.22062113435978417,57.0,49,0.5441696113074205,27.0
3625,2902,77,14,98917.0,0,0,124,22,14,77,46,62,821,0,0,124,Salisbury,46.0,0.029793103448275862,3.0,0.40027586206896554,37.0,0,0.9112903225806451,0.0
34489,16773,992,674,81274.0,240,132,2047,912,224,468,346,1129,6948,179,421,1330,Torrington,833.0,0.04972599959407347,83.0,0.24316448722781175,406.0,732,0.7835857352222765,574.0
1291,1029,12,13,100556.0,9,0,31,16,15,0,11,35,339,3,0,28,Cornwall,13.0,0.042602633617350893,2.0,0.39852827265685514,10.0,3,1.0,3.0
27014,11896,542,648,111000.0,65,0,1522,851,5,193,131,575,6475,143,135,1266,New Milford,595.0,0.028540756644702747,34.0,0.22018212778559265,263.0,278,0.6892247043363995,192.0
21751,9013,546,407,99864.0,66,139,1158,768,0,95,83,481,5257,39,35,945,Watertown,477.0,0.02896418555468714,28.0,0.20718587651142475,198.0,213,0.7452504317789291,159.0
1484,783,32,15,112917.0,0,0,59,51,8,0,5,4,382,0,6,53,Colebrook,24.0,0.006064690026954178,1.0,0.2638140161725067,13.0,6,1.0,6.0
2883,1507,62,80,137153.0,26,20,173,86,0,20,0,39,734,0,0,153,Goshen,71.0,0.022545959070412763,4.0,0.2613596947624003,38.0,20,0.6127167630057804,13.0
9562,4652,177,136,100634.0,18,0,349,257,13,42,21,182,2551,0,12,359,Woodbury,157.0,0.023112319598410376,8.0,0.24325454925747753,77.0,12,0.8939828080229226,11.0
1707,843,15,26,117500.0,4,0,44,35,3,2,3,12,471,0,0,44,Bridgewater,21.0,0.011130638547158758,1.0,0.2469244288224956,11.0,0,0.9090909090909091,0.0
1143,717,36,15,94625.0,0,0,54,24,16,4,9,18,308,0,6,48,Canaan,26.0,0.023622047244094488,2.0,0.3136482939632546,16.0,6,0.8148148148148148,5.0
8147,4136,151,152,112669.0,34,31,384,276,5,21,20,142,2023,15,22,317,Litchfield,152.0,0.024057935436356943,8.0,0.2538357677672763,77.0,68,0.7864583333333334,54.0
1457,845,19,19,117708.0,0,0,46,32,5,3,5,24,416,0,5,41,Warren,19.0,0.01990391214824983,1.0,0.2899794097460535,12.0,5,0.8695652173913043,5.0
1628,935,30,48,101625.0,0,0,97,54,5,26,20,24,402,5,16,76,Norfolk,39.0,0.02702702702702703,3.0,0.28716216216216217,23.0,21,0.8762886597938144,19.0
3281,1656,45,127,92868.0,0,0,165,47,73,21,38,65,596,0,35,130,North Canaan,86.0,0.031392868028040234,6.0,0.25236208473026517,44.0,35,0.8545454545454545,30.0
2105,1169,35,32,143462.0,0,0,84,56,0,0,10,10,570,13,0,71,Roxbury,34.0,0.009501187648456057,1.0,0.27767220902612827,19.0,13,0.6666666666666666,9.0
6703,2911,128,147,141538.0,0,0,305,184,0,40,0,74,1710,0,0,305,New Hartford,138.0,0.011039832910637029,4.0,0.21714157839773235,60.0,0,0.7344262295081967,0.0
3450,2115,116,80,138958.0,11,0,205,144,12,22,10,73,755,0,0,205,Washington,98.0,0.027246376811594204,6.0,0.3065217391304348,61.0,0,0.8682926829268293,0.0
10288,4282,190,287,94930.0,0,0,584,469,0,20,36,197,2618,0,0,584,Canton,239.0,0.022647744945567653,11.0,0.20810653188180403,100.0,0,0.8373287671232876,0.0
44143,17639,1044,1188,95587.0,330,138,2557,1308,210,459,230,994,9157,125,425,1877,Enfield,1116.0,0.03520376956708878,79.0,0.19979385179983236,446.0,688,0.7731716855690262,532.0
30234,12810,723,551,97427.0,188,124,1471,913,28,152,146,628,6778,16,205,1126,Newington,637.0,0.031818482503142155,41.0,0.21184758880730303,270.0,345,0.743031951053705,257.0
1653,850,57,15,106094.0,9,0,73,39,0,4,9,19,474,12,16,56,Eastford,36.0,0.02238354506957048,2.0,0.2571082879612825,19.0,28,0.589041095890411,17.0
1830,835,41,38,98636.0,1,2,89,58,0,18,10,40,483,0,0,87,Hampton,40.0,0.027868852459016394,3.0,0.22814207650273224,19.0,2,0.8539325842696629,2.0
15860,6454,326,500,120188.0,19,9,1101,685,150,133,200,227,3813,105,81,906,Colchester,413.0,0.028121059268600253,24.0,0.20346784363177806,169.0,195,0.8792007266121707,172.0
26966,12208,569,695,51329.0,272,140,1453,377,229,527,972,1152,3419,390,261,685,New London,632.0,0.08885262923681674,113.0,0.22635911889045465,287.0,791,0.7797660013764625,617.0
2589,1055,77,69,94500.0,0,0,143,61,17,8,0,66,690,0,61,82,Bozrah,73.0,0.02549246813441483,4.0,0.2037466203167246,30.0,61,0.6013986013986014,37.0
1778,768,35,42,117273.0,0,0,78,57,0,0,3,40,475,0,12,78,Franklin,39.0,0.024184476940382452,2.0,0.21597300337457817,17.0,12,0.7307692307692307,9.0
7215,3203,141,90,100543.0,26,0,251,131,21,0,85,165,1714,0,0,266,Lebanon,116.0,0.038253638253638256,9.0,0.22196812196812196,52.0,0,0.6055776892430279,0.0
18935,8426,350,598,109787.0,12,24,1079,649,53,105,100,379,4589,21,143,897,Waterford,474.0,0.02593081594930024,25.0,0.22249801954053341,211.0,188,0.7479147358665431,141.0
5223,2326,94,134,100114.0,31,0,327,124,17,0,36,194,1130,3,170,154,North Stonington,114.0,0.049971280873061456,12.0,0.22266896419682175,51.0,173,0.43119266055045874,75.0
18445,9512,268,455,104799.0,242,69,830,322,91,165,57,304,4604,11,151,599,Stonington,362.0,0.032691786391976146,24.0,0.2578476551911087,187.0,231,0.6963855421686747,161.0
39260,19224,1250,1002,66985.0,337,243,2609,880,249,1066,534,1885,6916,338,700,1427,Norwich,1126.0,0.07019867549668875,159.0,0.24482934284258787,552.0,1281,0.8413185128401687,1078.0
18724,8657,308,209,121641.0,138,95,601,297,46,81,108,254,4259,15,51,440,East Lyme,259.0,0.026703695791497544,14.0,0.23117389446699424,120.0,161,0.7054908485856906,114.0
2535,1099,33,46,103250.0,9,6,125,54,15,21,24,55,635,0,5,114,Voluntown,40.0,0.03471400394477318,3.0,0.21676528599605524,18.0,11,0.72,8.0
4247,1804,49,58,101944.0,14,7,185,165,0,7,10,42,1216,0,11,167,Lisbon,54.0,0.015540381445726396,2.0,0.21238521309159406,23.0,18,0.9297297297297298,17.0
18835,7781,405,261,88096.0,262,75,814,458,53,138,67,410,4243,37,100,633,Montville,333.0,0.03923546588797452,27.0,0.2065569418635519,138.0,212,0.7972972972972973,170.0
2499,1197,41,69,123750.0,0,0,151,101,7,0,0,60,662,0,29,122,Lyme,55.0,0.024009603841536616,3.0,0.23949579831932774,27.0,29,0.7152317880794702,21.0
7396,4939,103,74,133365.0,15,15,245,122,0,20,25,84,2024,16,18,196,Old Lyme,89.0,0.0167658193618172,3.0,0.3338967009194159,60.0,49,0.5795918367346938,29.0
31347,12402,833,1172,92352.0,155,228,2085,915,306,426,215,875,6742,144,592,1177,Naugatuck,1003.0,0.03971671930328261,80.0,0.19781797301177145,397.0,964,0.7899280575539568,762.0
9705,3742,206,117,118636.0,0,0,459,364,15,0,0,180,2320,0,65,394,Prospect,162.0,0.01854714064914992,6.0,0.19278722308088614,63.0,65,0.8257080610021786,54.0
59676,28826,1706,1702,77621.0,434,243,4053,1506,196,1112,643,1967,11208,251,1027,2546,Meriden,1704.0,0.051008780749379985,174.0,0.24152087941551043,824.0,1521,0.694300518134715,1057.0
25898,10286,698,542,128663.0,46,18,1533,1029,70,72,204,335,6587,17,24,1489,South Windsor,620.0,0.02258861688161248,29.0,0.1985867634566376,247.0,59,0.7638617090671885,46.0
12671,5661,308,385,89700.0,98,66,892,485,6,229,27,353,2858,0,163,678,Windsor Locks,347.0,0.03772393654802304,27.0,0.22338410543761344,155.0,229,0.8071748878923767,185.0
25528,10975,488,605,128791.0,72,33,1228,572,28,102,312,346,5931,81,117,1017,Farmington,547.0,0.028596051394547163,32.0,0.21496004387339393,235.0,231,0.5716612377850163,133.0
26171,11481,904,451,110090.0,70,12,1519,1079,70,190,214,462,6153,0,130,1377,Wethersfield,678.0,0.02850483359443659,39.0,0.21934584081617056,298.0,142,0.8815009874917709,126.0
11361,4398,373,261,134500.0,12,15,708,548,20,62,48,97,3177,20,53,637,Granby,317.0,0.013819206055804946,9.0,0.19355690520200686,123.0,88,0.8898305084745762,79.0
57805,25182,2044,2086,85833.0,452,271,4820,1672,204,1148,506,1923,11841,353,975,3328,Manchester,2065.0,0.04983997924055013,206.0,0.21781852780901306,900.0,1599,0.6273858921161826,1004.0
15688,5601,289,308,134926.0,0,0,710,509,14,159,10,112,3854,0,0,710,Suffield,299.0,0.0077766445690973995,5.0,0.1785122386537481,107.0,0,0.9605633802816902,0.0
5069,2109,75,116,103125.0,8,0,206,186,8,0,15,77,1381,0,12,211,Canterbury,96.0,0.019727756954034326,4.0,0.20802919708029197,40.0,12,0.941747572815534,12.0
9512,3724,257,104,133422.0,15,0,403,234,0,0,34,71,2581,55,33,346,Hebron,181.0,0.012615643397813289,5.0,0.19575273338940286,71.0,88,0.5806451612903226,52.0
19546,7013,555,517,145497.0,84,71,1183,733,93,53,26,223,4806,0,24,1088,Monroe,536.0,0.017036733858589993,19.0,0.179397319144582,193.0,95,0.7430262045646661,71.0
52120,21735,1308,1226,94762.0,365,201,2923,1505,103,680,402,1287,11605,115,357,2258,Stratford,1267.0,0.039409056024558714,100.0,0.20850920951650037,529.0,673,0.7827574409852891,527.0
129309,53432,4099,3461,110954.0,552,442,8960,3826,635,1364,1276,3926,24948,416,1982,6202,Stamford,3780.0,0.04449806277985291,337.0,0.2066058820345065,1562.0,2840,0.6501116071428571,1847.0
18463,6627,403,501,220163.0,65,53,1081,649,28,65,42,179,4703,26,9,1002,Wilton,452.0,0.015490440340139739,15.0,0.1794670421924931,163.0,88,0.6864014801110083,61.0
61740,22160,1641,1577,167210.0,183,32,3844,2386,106,164,212,715,14402,123,154,3547,Fairfield,1609.0,0.017978620019436346,58.0,0.17946226109491414,578.0,309,0.6909469302809573,214.0
19663,7543,621,529,118953.0,27,8,1319,671,262,101,60,403,4531,4,216,1091,Bethel,575.0,0.02491990032039872,29.0,0.19180694705792606,221.0,228,0.7839272175890827,179.0
88599,36898,2200,2650,98770.0,544,266,5671,2826,216,770,1008,2961,17429,483,1308,3649,Norwalk,2425.0,0.05093736949626971,248.0,0.20823034120023928,1010.0,2057,0.6721918532886616,1383.0
3433,1577,107,59,119141.0,14,27,165,43,0,72,7,58,808,18,19,101,Bethlehem,83.0,0.023011942907078357,4.0,0.22968249344596564,39.0,64,0.696969696969697,45.0
2799,1504,44,39,101786.0,0,0,96,36,9,4,6,74,582,0,9,87,Kent,42.0,0.0285816362986781,3.0,0.2686673812075741,23.0,9,0.5104166666666666,5.0
10730,5647,102,155,82744.0,50,0,415,173,0,18,276,178,2170,91,40,284,Winchester,129.0,0.04697110904007456,13.0,0.2631407269338304,68.0,131,0.4602409638554217,61.0
3649,1435,47,65,114706.0,50,35,112,81,0,0,8,80,990,0,0,77,Barkhamsted,56.0,0.03781858043299534,5.0,0.19662921348314608,23.0,35,0.7232142857142857,26.0
3757,1454,154,103,78846.0,45,0,271,110,29,16,22,105,992,0,0,271,Sterling,129.0,0.045781208410966195,12.0,0.19350545648123502,50.0,0,0.5719557195571956,0.0
14761,6390,840,419,112930.0,17,17,1340,653,45,136,83,353,3657,18,361,964,Ledyard,630.0,0.03068897771153716,39.0,0.21644875008468262,273.0,396,0.6223880597014926,247.0
4657,2002,121,155,90721.0,51,36,359,189,10,59,38,111,1123,29,125,177,Preston,138.0,0.04294610264118531,12.0,0.21494524371913248,60.0,190,0.7186629526462396,137.0
4112,1839,68,89,128563.0,17,18,191,155,0,28,10,67,1239,0,0,173,Salem,79.0,0.022859922178988325,4.0,0.223613813229572,36.0,18,0.9581151832460733,18.0
2906,1287,84,84,76250.0,25,13,259,113,29,24,59,98,583,26,90,130,Sprague,84.0,0.06262904335856848,11.0,0.22143840330350997,38.0,129,0.640926640926641,83.0
38825,17981,1279,1171,79915.0,319,310,2812,905,150,486,336,1625,7075,131,792,1579,Groton,1225.0,0.058725048293625244,144.0,0.23156471345782356,568.0,1233,0.5480085348506402,676.0
11622,5274,445,192,70833.0,42,0,714,316,51,180,69,537,2776,0,166,548,Griswold,319.0,0.055756324212700055,36.0,0.2268972638100155,145.0,166,0.7661064425770309,128.0
