total population,black or african american,american indian and alaska native,asian,native hawaiian and other pacific islander,other race,hispanic or latinx,non US citizens,male mean usual hours worked,female mean usual hours worked,unemployed,gini index,male median income past 12 months,female median income past 12 months,male median earnings past 12 months,female median earnings past 12 months,receiving social security income,receiving supplemental security income,received public assistance income,received cash public assistance or food stamps/snap,received retirement income,median household income,median household income - white,median household income - black,median household income - american indian / alaska native,median household income - asian,median household income - other race,median household income - 2 or more races,median household income - hispanic or latinx,median family income,median family income - white,median family income - black,median family income - american indian / alaska native,median family income - asian,median family income - other race,median family income - 2 or more races,median family income - hispanic or latinx,housing units,median year housing unit was built,number of owned homes,income quintile means - lowest,income quintile means - second,income quintile means - third,income quintile means - fourth,income quintile means - highest,income quintile means - top 5%,transport to work - car/truck/van,transport to work - public transport,time of departure to work - afternoon,child relationship to householder - foster/not family,educational attainment - no school,primary spoken language at home - english,primary spoken language at home - spanish,primary spoken language at home - chinese,ratio of income to poverty level - < 0.5,number of income earners in family - no earners,number of income earners in family - 1 earner,number of income earners in family - 2 earners,number of income earners in family - 3+ earners,rent paid for non-owned housing units - no rent paid,rent as percentage of income - 50+%,home value of owned/mortgaged housing units - 300k - 400k,home value of owned/mortgaged housing units - 400k - 500k,home value of owned/mortgaged housing units - 500k - 750k,home value of owned/mortgaged housing units - 750k - 1m,monthly housing costs - 3k+,monthly housing costs - no housing cost,computers and internet - computer but no internet,computers and internet - no computer,transport to work - other,time of departure to work - morning,time of departure to work - evening/night,travel time to work - < 20 mins,travel time to work - 21-40 mins,travel time to work - > 40 minns,child relationship to householder - family,educational attainment - K-12 no diploma,educational attainment - high school diploma,educational attainment - some college no degree,educational attainment - college degree,educational attainment - graduate degree,ratio of income to poverty level - 0.51 - 1.0,ratio of income to poverty level - 1.01 - 2.0,ratio of income to poverty level - > 2.0,rent paid for non-owned housing units - < 500,rent paid for non-owned housing units - 500 - 999,rent paid for non-owned housing units - 1000 - 1999,rent paid for non-owned housing units - 2000 - 2999,rent paid for non-owned housing units - 3000+,rent as percentage of income - <15%,rent as percentage of income - 15-29%,rent as percentage of income - 30-49%,home value of owned/mortgaged housing units - < 50k,home value of owned/mortgaged housing units - 50k - 100k,home value of owned/mortgaged housing units - 100k - 200k,home value of owned/mortgaged housing units - 200k - 300k,home value of owned/mortgaged housing units - 1m+,monthly housing costs - < 500,monthly housing costs - 500-1000,monthly housing costs - 1k - 2k,monthly housing costs - 2k - 3k,computers and internet - computer with internet,town
6903,93,69,70,0,232,191,164,41.4,32.5,2018,0.5251,51948.0,30231.0,52826.0,34073.0,1292,92,19,139,742,79707.0,84202.0,,,,,,,126890.0,128250.0,,,,,,,4365,1969.0,1858,17385.0,42995.0,83247.0,139020.0,358782.0,645775.0,3543,111,345,0,17,6274,200,54,77,236,536,915,291,22,225,707,498,236,181,332,22,129,209,21,3198,132,1626,948,1101,715,277,1379,707,2105,1150,20,76,1805,66,57,411,24,10,76,135,132,92,119,262,337,147,152,639,1198,826,2831,Westbrook
9007,56,67,33,0,160,309,178,42.4,35.3,2408,0.3994,55931.0,35918.0,56735.0,42902.0,1184,131,73,271,851,96928.0,99464.0,,,,,93382.0,105792.0,107654.0,107654.0,,,,,,,4633,1975.0,2237,24216.0,66404.0,97420.0,132976.0,263063.0,402158.0,4297,20,228,0,120,7902,236,0,32,313,860,1086,393,57,20,780,206,212,176,269,57,134,234,43,3802,330,858,1754,1748,1649,339,1799,1268,2378,867,34,227,2359,45,168,245,18,0,60,253,107,50,9,360,1299,15,86,854,1614,760,3272,East Haddam
10090,226,61,219,0,2,583,307,41.9,35.0,3215,0.4363,57706.0,35089.0,57414.0,38504.0,1616,187,78,315,1273,83132.0,83978.0,,,,,,,101012.0,101762.0,,,,,,34844.0,5735,1969.0,2127,23169.0,52819.0,83437.0,135778.0,267543.0,425836.0,4546,93,307,0,10,8611,468,0,69,537,632,1292,350,34,320,1172,537,685,136,352,34,80,231,201,4077,456,2201,1517,1122,1685,259,1834,1207,2635,1873,38,301,2403,28,59,598,117,1,42,253,188,19,21,90,654,192,212,776,1782,1187,4032,Old Saybrook
7221,33,24,112,0,20,81,46,43.3,38.1,1979,0.4185,60639.0,43510.0,66573.0,57361.0,956,75,40,160,798,119905.0,121806.0,,,,,,,129156.0,129906.0,,,,,,,2913,1979.0,1643,31931.0,83009.0,120021.0,159328.0,349026.0,659603.0,3400,72,238,0,112,6465,84,0,23,274,419,1121,253,72,32,707,317,290,63,424,72,113,174,0,3021,213,936,1704,832,1424,97,1274,868,1905,1147,14,58,1972,0,17,50,12,0,16,31,0,40,18,288,894,0,0,594,837,841,2481,Durham
4480,132,56,57,0,55,199,312,40.3,35.1,912,0.4234,60364.0,36496.0,63327.0,43095.0,611,95,36,49,401,85960.0,87277.0,53750.0,,,,,62024.0,114583.0,117708.0,,,,,,,2095,1961.0,945,30519.0,61893.0,86506.0,132310.0,282623.0,531166.0,2392,35,158,26,17,3913,188,0,0,87,287,704,173,40,74,374,121,61,18,138,40,151,137,125,2279,115,1201,751,600,907,79,982,436,1225,519,9,63,1179,0,118,328,47,0,38,220,161,11,13,143,593,16,0,430,836,439,1595,Deep River
12944,131,75,170,0,286,1106,431,42.2,35.8,3403,0.4399,48131.0,32220.0,53500.0,36559.0,1912,176,110,437,1178,79554.0,79762.0,,,95673.0,,,73333.0,101429.0,102103.0,,,96442.0,,,78239.0,6182,1968.0,2960,19518.0,45892.0,80433.0,127220.0,243734.0,385855.0,6208,192,324,26,30,11200,857,13,52,527,919,1838,414,44,318,1041,301,319,66,461,44,212,354,363,5944,495,2925,2103,1735,2364,629,2471,1856,3142,1554,80,308,3258,49,280,647,73,0,125,318,280,154,62,554,1732,74,188,1236,2335,1132,4830,Clinton
9322,79,24,73,0,62,259,54,42.0,36.5,2234,0.4419,61096.0,37672.0,64552.0,43178.0,1258,159,82,338,919,99292.0,97415.0,,,,,113494.0,106776.0,121372.0,121652.0,,,,,,120114.0,4168,1958.0,1986,21074.0,57895.0,97127.0,139356.0,289765.0,510529.0,4409,0,185,52,0,8523,123,0,21,278,582,1222,359,56,139,623,329,144,6,281,56,232,326,91,4047,268,1490,2170,840,1941,443,1945,1072,2297,996,46,159,2215,53,153,393,0,0,16,217,217,54,33,489,1394,14,98,954,1649,703,3183,Portland
8227,219,11,294,0,12,171,228,42.0,35.9,2333,0.3976,61661.0,40099.0,62568.0,50084.0,857,174,49,208,784,110497.0,111045.0,,,,,203864.0,141250.0,130729.0,130833.0,,,2499.0,,203864.0,141250.0,3366,1973.0,1875,24136.0,75607.0,112574.0,159031.0,288640.0,455820.0,3876,83,149,0,14,7549,71,34,40,303,583,1227,316,116,171,754,376,252,0,548,116,96,265,58,3664,204,1105,1528,1384,1498,324,1467,860,2447,1135,57,171,2161,73,208,72,52,0,61,33,123,12,29,306,820,31,103,589,932,813,2740,Haddam
6392,29,0,111,0,22,36,58,40.1,34.7,1667,0.3956,62909.0,34493.0,62520.0,40036.0,854,104,63,102,573,110543.0,109091.0,,,,,,,127331.0,127365.0,,,,,,,2370,1978.0,1445,28336.0,70395.0,109439.0,160028.0,286328.0,444722.0,3140,13,202,25,0,5783,80,18,45,193,492,725,407,0,0,683,400,295,45,383,0,157,105,30,2812,169,875,1523,785,1284,88,1033,601,1663,1241,11,86,1675,0,25,101,17,0,29,56,13,86,54,223,319,56,0,420,784,717,2042,Killingworth
46511,7877,606,3331,79,1134,5195,2557,39.7,34.9,13402,0.4716,44597.0,28993.0,47268.0,33666.0,5517,868,754,3024,3513,65572.0,71993.0,48484.0,,70046.0,29250.0,60208.0,43576.0,92599.0,101355.0,56831.0,,86389.0,40495.0,93268.0,43692.0,21241,1972.0,7014,12886.0,37960.0,66494.0,105136.0,222715.0,382990.0,20386,431,2022,34,259,36091,3183,458,357,1204,3255,4707,1194,336,1985,1933,599,184,45,822,336,1474,2363,2150,18644,2301,10340,10094,2533,7823,2039,8883,5936,9076,5554,555,922,8526,987,2241,5315,221,24,964,3204,2369,141,497,3237,3474,60,1330,4593,9500,2713,15457,Middletown
4381,12,0,82,0,24,70,10,43.7,35.5,1281,0.4067,60125.0,35156.0,70409.0,40795.0,603,66,47,136,458,96111.0,94375.0,,,,,,69844.0,128011.0,122000.0,,,,,,,1948,1966.0,1003,24455.0,61525.0,96164.0,143083.0,261492.0,420903.0,2262,0,143,20,14,4033,49,0,26,153,355,497,221,11,76,355,203,24,41,160,11,93,134,60,2093,86,1103,960,259,742,118,1141,431,860,676,0,90,1110,55,53,160,0,0,30,116,46,16,9,149,682,0,89,342,748,408,1531,Middlefield
6168,128,29,24,29,113,367,201,39.6,36.5,1719,0.3998,57778.0,35846.0,62300.0,52633.0,883,54,41,116,706,85024.0,85000.0,,,,,,,106585.0,106555.0,,,,,,,2636,1979.0,1505,18330.0,58735.0,87813.0,134236.0,227334.0,345200.0,2736,66,127,24,0,5080,347,24,42,219,641,610,244,16,48,359,194,182,0,290,16,117,94,13,2455,233,725,1366,724,1253,205,1370,778,1337,634,79,50,1543,0,0,253,13,18,16,187,33,138,64,458,752,0,79,442,1036,584,2236,Beacon Falls
54763,13048,927,2513,21,4319,12696,5373,39.3,34.0,14498,0.4239,38739.0,23219.0,40596.0,26324.0,5947,1346,1036,3395,3468,62985.0,65590.0,55939.0,,101731.0,54693.0,62669.0,56884.0,76651.0,81465.0,68471.0,,128462.0,75042.0,,70248.0,22397,1957.0,7551,14541.0,38341.0,63134.0,95967.0,179986.0,277503.0,23205,1144,2034,69,495,37484,8486,259,346,1357,3901,5161,1677,330,2330,801,239,40,70,611,330,942,1802,1832,20328,3819,12289,10367,3525,10681,3953,14431,6545,7824,3476,675,1718,9357,873,1905,5674,232,5,895,3250,2096,255,522,5102,3827,11,1072,3779,10872,3222,17142,West Haven
5513,90,28,430,114,124,372,283,45.5,35.0,1258,0.4358,73125.0,33390.0,77083.0,41930.0,628,89,28,41,437,129133.0,129337.0,,,157917.0,,,190035.0,146532.0,146613.0,,,157917.0,,250001.0,191910.0,2075,1970.0,1347,38169.0,74423.0,131009.0,192620.0,396722.0,723203.0,2668,11,167,21,20,4444,149,258,3,265,270,892,221,0,23,498,476,287,32,547,0,52,115,53,2423,142,621,1523,588,1087,282,875,678,1381,849,23,66,1556,0,33,143,10,0,53,42,68,14,40,22,434,29,0,313,584,574,1851,Bethany
28742,1351,97,1163,25,2900,4964,1083,40.7,36.9,9226,0.4119,42420.0,29531.0,48585.0,37664.0,4250,593,278,1085,2311,67390.0,70355.0,45893.0,,150333.0,63263.0,36298.0,63593.0,84981.0,89489.0,62930.0,,140982.0,65957.0,36298.0,66020.0,12052,1967.0,5555,17151.0,43507.0,68745.0,104985.0,193665.0,279835.0,12597,427,982,69,218,21903,3292,0,216,1045,2160,2665,1068,177,698,727,195,30,36,344,177,387,1155,357,10924,1475,6767,4660,1954,5205,1687,8583,3543,4930,1824,257,721,5744,270,562,1652,301,83,225,1043,869,175,348,2974,3598,19,576,2265,5411,2374,9605,East Haven
22216,448,47,1167,0,165,1077,777,41.7,36.0,6145,0.4885,61176.0,42077.0,64806.0,48258.0,3191,202,114,394,2186,111870.0,112667.0,46250.0,,136250.0,,,78917.0,134910.0,137339.0,46708.0,,133500.0,,,100391.0,9249,1974.0,4562,28009.0,68101.0,114286.0,183475.0,436421.0,803858.0,9930,265,447,22,39,19488,479,157,45,834,1663,2864,835,59,320,1830,1390,1505,452,1713,59,302,437,135,9289,594,3711,4630,1989,4686,597,2657,2308,5627,5115,58,434,5659,51,125,630,226,37,214,290,245,111,35,352,1313,281,139,1182,3090,2214,7658,Guilford
18113,534,50,916,0,11,459,454,42.7,32.5,5182,0.4631,79816.0,35939.0,87027.0,37650.0,2689,151,43,219,1804,113798.0,114868.0,,,220478.0,,103315.0,,139214.0,142744.0,,,220478.0,,103315.0,,8204,1973.0,3963,27029.0,71458.0,114787.0,185928.0,396415.0,673901.0,7425,312,375,0,0,16241,242,189,46,803,1115,2493,699,125,244,1848,1158,1411,423,1519,125,224,482,207,6954,615,2666,3293,1985,4115,230,1660,1714,5124,3873,52,149,4863,63,104,431,203,67,17,278,292,25,45,65,645,299,102,890,2307,1969,6206,Madison
7739,111,17,411,0,137,346,273,42.0,35.6,1992,0.4164,61909.0,31948.0,64160.0,41042.0,1075,46,18,91,903,121122.0,118359.0,,,204423.0,108846.0,,121250.0,139545.0,137500.0,,,204423.0,108846.0,,122125.0,3046,1965.0,1613,28995.0,75955.0,122465.0,176509.0,336377.0,563406.0,3877,12,120,0,52,6550,175,0,16,237,478,999,378,32,65,741,357,357,50,462,32,101,280,20,3509,280,1690,1055,1164,1510,212,1151,845,2054,1401,25,59,1992,30,64,52,32,10,8,98,17,9,0,146,794,75,54,545,862,794,2368,Middlebury
16615,521,85,311,17,255,1093,303,42.3,35.4,4225,0.3673,51425.0,33958.0,57064.0,41339.0,2238,224,93,350,1546,95257.0,96113.0,,,,,60662.0,99524.0,109643.0,111210.0,,,,,,98631.0,6329,1968.0,3493,25101.0,59461.0,94415.0,134238.0,216927.0,301294.0,8354,32,673,0,80,14387,347,0,132,581,991,2333,607,175,138,965,361,122,39,448,175,498,546,25,7227,511,2903,3790,1718,3517,634,3875,2621,3176,1345,33,266,4081,85,117,444,95,0,75,302,226,76,73,1276,2166,58,198,1437,2491,1303,5008,Wolcott
44596,802,79,2310,118,610,3752,1241,41.2,36.4,13521,0.4003,53037.0,37186.0,57256.0,42545.0,6797,1053,823,1989,5115,80793.0,81254.0,55069.0,,103892.0,39250.0,52023.0,64457.0,103955.0,104591.0,96736.0,,104940.0,67396.0,,75143.0,19934,1967.0,8657,21843.0,52937.0,81289.0,119603.0,219396.0,342688.0,21728,136,1186,18,207,37081,2130,357,387,1904,3129,4936,1635,384,896,3000,1174,678,81,935,384,1124,2225,553,19172,2059,10074,9106,3237,7017,2368,11026,5509,10088,5254,172,601,10444,243,1644,2654,153,116,526,2316,982,193,292,2264,5757,31,526,5508,8431,2880,15315,Wallingford
8827,308,134,1467,0,22,505,643,42.2,36.9,2486,0.4043,86700.0,42045.0,81781.0,54491.0,1124,52,98,134,771,157610.0,158235.0,,,140536.0,,,124063.0,166546.0,170515.0,,,142321.0,,,124063.0,3107,1965.0,1727,37667.0,105390.0,158738.0,210714.0,422200.0,712570.0,3877,110,181,11,23,6229,250,568,33,245,537,1168,403,30,88,558,727,598,273,1007,30,73,102,73,3772,107,1208,2043,809,2041,283,762,675,1992,2759,0,68,2252,0,63,170,82,0,24,82,121,0,0,87,163,146,8,116,979,757,2722,Woodbridge
18802,3214,240,590,119,1347,4032,815,38.9,35.6,5321,0.4419,37259.0,26485.0,40423.0,31609.0,2567,263,364,1258,1290,54901.0,61875.0,26388.0,,45505.0,62693.0,145293.0,48333.0,75496.0,83500.0,38016.0,,88875.0,61304.0,145527.0,59583.0,8728,1954.0,2918,10262.0,31946.0,55503.0,89453.0,164011.0,241533.0,8220,261,812,72,166,15187,2060,33,329,727,1470,1762,632,86,756,440,139,39,0,230,86,959,1055,326,7193,802,3433,3578,1796,3677,1389,5019,2739,2867,1271,260,728,3274,383,701,1950,48,0,248,983,910,160,142,1707,2003,8,537,2026,3689,1238,5792,Ansonia
13934,347,138,1255,0,44,223,624,44.1,35.6,3854,0.4198,72803.0,41638.0,75481.0,49828.0,1886,118,39,127,1237,121308.0,121842.0,,,118750.0,,,,140464.0,139898.0,166029.0,,126667.0,,,183162.0,5194,1963.0,2832,29565.0,76012.0,122436.0,175042.0,340556.0,596390.0,6318,200,394,0,12,10975,174,426,82,523,955,1717,654,24,237,1886,1127,581,247,1047,24,93,310,95,5839,380,2725,2547,1341,3157,249,1958,1171,3556,2992,12,175,3580,34,41,304,189,10,82,162,86,16,6,25,444,40,56,502,1680,1665,4571,Orange
13086,481,10,140,0,347,848,363,39.7,34.8,3357,0.3704,62737.0,40058.0,63912.0,42451.0,1735,104,50,184,1285,110111.0,110139.0,,,,,,151524.0,124355.0,124435.0,,,,,,151524.0,4902,1981.0,3046,30292.0,76707.0,112355.0,157732.0,270992.0,395751.0,6368,77,149,17,15,11239,400,0,32,519,693,1934,542,30,24,1503,903,537,59,828,30,261,240,15,5864,447,1991,2680,1789,2773,394,2608,1891,2848,1778,29,247,3380,16,121,86,26,0,90,38,97,15,0,366,1014,18,81,1041,1439,1275,4193,Oxford
28020,567,47,1491,0,902,1728,981,43.9,37.3,8396,0.4605,55566.0,37708.0,61543.0,43567.0,4539,612,144,746,2789,77640.0,78872.0,62941.0,,71477.0,37459.0,85202.0,38640.0,100357.0,101576.0,64706.0,,100924.0,,66875.0,,13632,1971.0,5153,19750.0,48822.0,78123.0,120308.0,268662.0,482979.0,13578,156,758,9,136,23512,1227,185,83,1136,2473,3032,719,216,803,1820,634,811,330,1119,216,499,1102,379,12221,1134,6032,5961,2120,4610,944,5986,3718,6313,4434,232,639,6406,109,459,2836,293,23,508,1124,1240,276,242,1462,2418,440,334,2152,6337,2211,10768,Branford
12485,1373,104,569,0,783,2747,701,39.4,36.8,3347,0.4374,40041.0,30399.0,43799.0,40598.0,1447,261,293,888,697,56357.0,60685.0,51860.0,,68211.0,20979.0,,39443.0,68775.0,82697.0,100372.0,,,20858.0,,39049.0,5837,1958.0,1893,13275.0,34735.0,55484.0,86759.0,173636.0,270541.0,5460,24,367,33,188,8784,1436,12,101,544,757,1321,300,160,593,327,182,17,0,279,160,375,951,329,5204,242,2304,2265,1244,2407,1085,3157,1766,2515,528,174,458,2189,113,734,1156,0,34,188,621,601,0,103,1283,1023,14,170,1568,2360,609,3820,Derby
130331,45914,1862,7712,216,18884,40683,16289,38.4,34.2,37564,0.52,27004.0,21974.0,30937.0,25931.0,11731,3879,2955,13536,4742,42222.0,53504.0,31939.0,48750.0,59038.0,36178.0,31006.0,38860.0,49929.0,70315.0,37612.0,,83750.0,37000.0,43194.0,40607.0,55682,1943.0,9839,7889.0,23285.0,42933.0,73849.0,178854.0,318312.0,40387,7074,5030,467,957,78224,32594,2134,2294,3841,9991,9139,2324,499,10936,1218,830,413,408,2004,499,3176,6169,9256,45389,6298,30624,17467,8626,28849,10665,25942,11298,16289,15456,3087,5581,14333,4635,6525,21173,2318,270,3131,11249,8618,370,1083,5494,3848,93,4905,8968,27512,5289,39832,New Haven
17619,570,193,677,0,991,1990,724,39.9,35.8,4422,0.4051,48292.0,33601.0,51917.0,37365.0,2535,272,176,678,1693,72175.0,73283.0,55714.0,,,87778.0,,63472.0,98062.0,99612.0,96250.0,,100566.0,88778.0,,88306.0,8261,1963.0,3779,18644.0,46483.0,74194.0,109880.0,197530.0,314773.0,9010,67,882,10,153,13529,1085,216,103,415,1461,1923,639,114,395,773,95,24,21,207,114,660,724,276,7329,1142,4827,3300,1226,3170,1296,4265,2427,3663,1382,115,407,3813,127,872,1094,9,0,287,926,494,145,131,1991,2205,36,303,2240,3634,1139,6253,Plainville
24799,683,297,1121,20,312,1164,970,43.2,34.8,6588,0.4618,78660.0,38506.0,91719.0,44672.0,2834,229,145,307,2089,123905.0,126217.0,76176.0,,100795.0,117917.0,162917.0,118519.0,151424.0,152922.0,95673.0,,,128750.0,163125.0,132708.0,9971,1971.0,5401,28110.0,76118.0,123954.0,183872.0,415813.0,732633.0,10949,176,469,45,33,21384,553,254,39,627,1775,3602,803,97,290,2559,827,935,215,1750,97,201,464,289,10359,586,3847,5064,2503,5793,369,2140,2313,7262,5444,64,262,6442,91,371,950,346,141,277,850,435,80,93,795,1987,96,119,1267,3661,2689,8918,Simsbury
63063,4580,518,5789,42,1839,7057,3788,42.1,36.8,16214,0.4634,62967.0,41949.0,65291.0,50214.0,7106,596,527,1825,5116,104281.0,109678.0,47321.0,,86500.0,64196.0,79524.0,74432.0,138365.0,153898.0,81563.0,,86375.0,98409.0,92069.0,91038.0,26437,1953.0,11648,22330.0,62567.0,105085.0,168753.0,352251.0,587552.0,29237,845,1452,46,656,46300,4932,943,244,1683,4184,7468,2209,312,1297,4676,2857,2230,448,3570,312,1016,1908,773,27400,2003,15023,12340,3492,13816,1793,5807,4886,15586,15204,337,947,14016,401,1004,4407,878,161,1212,2682,1619,143,115,1692,5226,176,530,3416,10919,5979,21802,West Hartford
28859,11574,315,1361,65,1040,2590,1425,39.8,35.9,7323,0.3892,47045.0,34599.0,51087.0,40744.0,3460,536,270,980,2563,92199.0,92766.0,95513.0,,90650.0,,106576.0,74505.0,105415.0,105221.0,105806.0,,92450.0,,161053.0,95357.0,11371,1965.0,6606,23731.0,59487.0,92687.0,127695.0,233165.0,364542.0,14395,415,1161,128,277,23978,1575,153,15,758,1753,3157,1567,133,273,1168,312,61,0,457,133,565,736,425,12593,1481,7632,5785,1818,5321,1282,4732,4258,6302,3711,136,484,6600,195,279,1155,100,0,406,567,483,244,371,2732,3978,42,429,2208,4887,2656,9469,Windsor
11445,896,26,1037,28,371,678,925,40.4,35.2,2914,0.3781,48362.0,31811.0,52700.0,39338.0,1495,213,135,446,1104,76824.0,77076.0,92688.0,,70625.0,,89407.0,130021.0,96000.0,107600.0,,,72031.0,,89131.0,130763.0,5277,1975.0,2096,19645.0,46219.0,76303.0,113790.0,180775.0,252503.0,6073,0,441,0,11,9176,231,0,68,341,897,1295,483,31,295,586,57,91,0,311,31,244,356,84,5344,372,2335,3122,700,1927,420,2544,1491,2816,1482,63,224,2661,30,297,1158,27,0,112,832,273,136,148,1141,1097,56,172,1229,2294,818,4255,East Windsor
72767,11621,676,2555,54,8128,31500,6919,39.1,36.3,21572,0.4546,32249.0,24791.0,37238.0,30782.0,7590,2688,1967,8968,4251,46499.0,47654.0,45114.0,,71979.0,33828.0,40260.0,37275.0,53648.0,53179.0,70707.0,,72984.0,41616.0,37083.0,38070.0,31800,1952.0,7211,9437.0,27539.0,46069.0,73920.0,147683.0,236603.0,29116,1071,2530,321,671,34095,21933,178,1353,2823,6931,5347,1728,622,4018,380,62,47,67,254,622,3393,4760,1299,25625,3331,16775,11550,3161,16638,8443,17086,7922,9650,3229,1586,3546,10344,1876,5753,8591,69,13,1917,5941,3793,274,813,7825,1804,36,2192,9313,14090,1761,20079,New Britain
60218,4543,551,1634,69,3493,10400,1423,39.8,36.3,16010,0.4347,44219.0,31015.0,47520.0,38788.0,8354,1272,1088,4075,5228,67507.0,70925.0,50203.0,24924.0,66250.0,53750.0,62344.0,52583.0,85397.0,91366.0,45855.0,,65750.0,36596.0,73090.0,55261.0,26546,1964.0,10785,16338.0,42248.0,67789.0,101981.0,203268.0,350556.0,28399,519,2412,160,468,46833,6383,75,294,1974,4272,6661,2086,227,2129,1540,332,294,43,541,227,1649,2733,930,24581,2855,13073,11581,5194,12043,3981,14249,8504,11795,3944,789,1814,12096,1042,3102,4430,126,32,1043,3250,2234,349,792,6854,5440,35,1486,7246,11647,3491,20256,Bristol
43781,1023,137,1311,13,621,2056,954,42.4,36.0,12280,0.4113,56034.0,36618.0,59659.0,48234.0,6570,618,205,1114,4773,94463.0,95608.0,70581.0,,100032.0,44792.0,115673.0,63214.0,113553.0,114951.0,56744.0,,110750.0,43854.0,115481.0,75769.0,18318,1973.0,9573,23245.0,56075.0,94772.0,137453.0,253498.0,405624.0,21011,118,916,75,183,36512,987,365,141,1720,2945,5784,1591,150,519,3359,1506,882,98,1705,150,658,1445,397,19011,1599,9617,8606,3303,8930,1876,8939,5190,10573,4880,157,770,10972,266,775,1634,28,15,493,1008,698,239,421,2732,4911,146,554,4469,6579,3705,15059,Southington
5304,135,235,120,0,123,432,104,41.7,36.3,1189,0.3505,58585.0,38767.0,59975.0,39162.0,756,21,104,162,452,104336.0,104505.0,,,,,,,107850.0,109071.0,,,,,,88375.0,2156,1973.0,1106,24909.0,60400.0,103086.0,132909.0,209923.0,269362.0,2664,15,241,106,0,4539,277,76,0,159,373,640,116,0,88,503,120,0,0,76,0,64,131,42,2310,170,1116,996,609,1121,255,639,733,1484,667,22,32,1234,34,248,108,0,0,49,142,111,0,18,176,786,34,49,745,602,555,1832,East Granby
18312,177,57,2576,0,489,900,1343,43.8,35.1,5243,0.4862,96461.0,37241.0,105843.0,47327.0,2118,172,142,217,1721,131130.0,132839.0,,,109375.0,,,211014.0,168221.0,173594.0,,,109875.0,,,211689.0,7384,1978.0,3826,28099.0,75779.0,133135.0,209767.0,484147.0,864220.0,7762,98,408,57,106,13655,475,437,34,600,1695,2294,530,68,351,1401,1045,989,356,1444,68,203,309,322,7378,396,2333,4156,1693,4526,272,1256,1654,5574,3981,126,242,4717,48,38,818,164,31,77,407,264,39,83,419,1199,279,78,709,2877,1801,6465,Avon
20484,317,53,847,0,324,1129,429,40.8,37.0,6020,0.4134,60631.0,42065.0,64734.0,49135.0,2857,236,127,433,2172,101127.0,99740.0,,,111133.0,,,140640.0,119071.0,119814.0,,,111465.0,,,141372.0,8584,1972.0,4657,26238.0,61392.0,100165.0,146108.0,278753.0,444836.0,9828,107,355,49,202,17122,349,108,51,779,1600,2782,776,38,343,1662,675,399,43,749,38,300,724,237,9259,558,4376,4557,1239,4037,849,4272,2363,4795,2585,91,302,5493,72,109,1011,28,17,89,543,262,97,31,769,3213,17,203,1668,3728,1795,7157,Berlin
9659,160,0,398,0,0,213,176,42.1,35.7,2519,0.4001,71159.0,39831.0,72260.0,44821.0,1044,75,15,87,827,127353.0,128681.0,,,112206.0,,103393.0,109519.0,139120.0,140298.0,,,111397.0,,103393.0,155385.0,3688,1981.0,2311,31955.0,80805.0,127503.0,178947.0,337838.0,499004.0,4451,13,260,38,11,8352,202,63,26,252,803,1288,376,4,61,730,615,453,52,589,4,78,179,6,4006,204,1194,2065,1211,2215,188,1410,1055,2597,1523,13,188,2492,17,81,89,20,20,44,103,19,8,60,230,1058,25,40,712,1157,960,3205,Burlington
1982,5,165,10,0,15,2,15,42.7,34.8,451,0.4077,50184.0,38583.0,51914.0,39968.0,248,20,10,37,195,99722.0,99306.0,,,,,,,109861.0,109028.0,,,,,,,855,1969.0,460,31026.0,66277.0,99140.0,128293.0,286475.0,505036.0,962,16,61,33,11,1860,0,0,4,66,94,279,76,0,5,166,39,32,3,38,0,22,39,4,853,68,165,471,346,382,72,482,240,493,127,3,32,476,4,17,32,0,0,10,26,12,10,4,130,313,6,35,226,299,158,695,Hartland
50272,14635,791,2038,77,5844,18158,5084,38.9,35.5,12716,0.4386,35751.0,25978.0,40290.0,30575.0,5661,1262,1364,4390,2983,55967.0,56904.0,58800.0,,80586.0,41175.0,49982.0,43454.0,70319.0,75722.0,69453.0,86174.0,80469.0,43125.0,,53719.0,20976,1960.0,7437,12199.0,34523.0,57636.0,92007.0,172776.0,265926.0,23030,1200,1515,459,781,28743,12745,80,449,1460,3842,5048,1865,161,2349,237,44,44,13,178,161,1588,2162,867,20334,3248,11816,10141,3140,10620,4850,12017,6504,7612,2090,798,2263,8705,927,2627,4146,41,0,935,2404,1851,467,691,7183,2416,49,1252,5674,10101,1680,15296,East Hartford
123088,52517,1447,4183,323,29165,54515,15093,38.1,34.3,38360,0.5049,25653.0,20772.0,30838.0,24200.0,11698,5769,6882,18762,5034,36278.0,39491.0,38109.0,21591.0,75833.0,27220.0,34570.0,28254.0,42536.0,45942.0,47308.0,35357.0,84435.0,31102.0,40670.0,31928.0,54753,1951.0,8047,6809.0,19423.0,36463.0,61173.0,139576.0,246869.0,38325,7005,5039,296,2470,65708,40620,528,2845,4190,11146,7901,2850,634,10882,524,294,367,63,525,634,6400,7590,3651,37690,6252,23024,19912,6045,28492,17001,25329,13769,12431,5234,3321,6793,13128,5045,12990,16220,583,22,3776,11128,7954,296,1086,6518,1928,120,5521,15613,22291,2106,32700,Hartford
21022,12499,166,477,0,522,1730,1284,40.7,36.7,7847,0.4447,41801.0,34290.0,46495.0,41872.0,3773,329,384,1164,2896,76717.0,88533.0,68632.0,,123750.0,,,108194.0,92912.0,106108.0,78304.0,,124688.0,,104750.0,106250.0,9300,1969.0,4198,19706.0,48214.0,77053.0,117481.0,245608.0,435068.0,9042,449,889,15,107,17215,1291,137,137,828,1768,2238,724,36,546,757,477,135,21,502,36,539,1014,287,7484,1405,4073,4530,1175,3024,1421,4699,3015,4302,2841,138,446,4837,405,216,1433,263,133,363,905,539,102,257,2375,2093,24,463,1395,4494,1837,7174,Bloomfield
34564,961,150,3431,135,623,2007,1722,43.0,37.3,8968,0.4441,76420.0,41034.0,83088.0,50899.0,4350,471,208,596,3404,120837.0,120731.0,47202.0,,150365.0,,110909.0,132952.0,146328.0,146788.0,,,187000.0,,143625.0,128065.0,13987,1976.0,7243,26522.0,75193.0,121082.0,180384.0,375008.0,631897.0,15585,303,625,71,95,28032,1173,452,89,990,2353,5114,929,302,495,2801,1656,1647,473,2307,302,463,630,251,14705,809,6306,7183,2650,7939,551,3780,2950,8886,8234,69,335,8893,171,377,1564,234,58,356,934,571,44,132,1118,2714,120,224,1744,5436,3398,12318,Glastonbury
6368,100,11,58,17,0,366,68,44.0,34.5,1443,0.4087,61764.0,39716.0,64053.0,43325.0,725,13,0,163,447,112557.0,112038.0,,,,,,125925.0,129410.0,128542.0,,,,,,125925.0,2372,1981.0,1509,35002.0,76715.0,113762.0,177297.0,339666.0,526815.0,3244,18,221,0,15,5644,126,0,0,140,401,1063,253,46,15,726,262,140,0,298,46,100,112,0,2815,226,755,1791,716,1353,115,1014,721,1759,1029,15,97,1745,53,44,152,0,0,0,120,114,44,0,144,707,13,53,387,829,718,2119,Marlborough
20168,1268,106,4056,31,298,793,2627,41.2,37.3,5717,0.3897,59611.0,40281.0,61413.0,51497.0,2638,376,175,608,2024,85125.0,83609.0,54789.0,,102083.0,,66711.0,51172.0,107654.0,112170.0,,,105151.0,,,,9251,1977.0,3371,25203.0,60319.0,85782.0,120828.0,234640.0,359553.0,9667,93,571,60,70,13618,688,176,66,441,1831,2594,513,80,662,1017,590,316,23,446,80,361,741,339,8893,635,4363,4831,905,3454,783,3327,2116,6181,2865,53,436,4824,101,155,2672,139,0,328,1608,451,86,79,1068,2295,0,173,1695,4849,1378,7519,Rocky Hill
2489,141,52,17,0,53,231,23,42.1,33.7,684,0.3625,48693.0,25417.0,53245.0,28500.0,333,43,10,71,232,70500.0,68900.0,,,,,138125.0,,90735.0,86818.0,,,,,,,1058,1971.0,536,20278.0,50263.0,75328.0,112844.0,173848.0,234221.0,1321,18,72,0,4,2145,140,5,21,84,171,327,82,0,25,128,5,5,0,35,0,56,58,29,1082,214,407,527,434,428,190,724,336,476,195,20,78,545,15,71,37,6,0,26,23,55,10,22,356,329,4,79,282,492,100,874,Chaplin
15105,444,339,340,0,151,826,266,41.6,34.1,4096,0.3864,45511.0,23500.0,49178.0,27083.0,1906,430,624,919,1203,70206.0,69905.0,109653.0,,,,,76003.0,79007.0,78844.0,125536.0,,,,,75386.0,6154,1963.0,2729,18003.0,43919.0,70189.0,96564.0,172320.0,272003.0,6984,41,621,105,163,13225,497,0,138,665,998,1704,539,65,334,249,0,37,0,63,65,353,636,49,5456,997,2177,3357,1540,3087,1424,4459,2361,2007,427,129,477,3162,199,769,721,0,0,268,681,406,42,98,2210,1198,7,456,1798,2658,555,4606,Plainfield
9351,111,171,86,1,22,292,31,41.1,35.2,2184,0.3847,47931.0,32373.0,52619.0,39526.0,1201,158,279,429,723,80125.0,82321.0,,,,,51395.0,52209.0,93396.0,93821.0,,,,,,80511.0,4152,1971.0,1804,18910.0,51200.0,80074.0,113204.0,195251.0,281227.0,4597,10,459,53,24,8506,205,8,57,332,635,1166,505,59,29,480,168,62,18,142,59,186,376,107,3668,587,1973,1667,1074,1861,693,2025,1534,1789,772,61,196,2324,131,186,367,9,30,163,382,149,54,69,1057,864,15,489,960,1500,419,3007,Thompson
7836,0,96,24,0,0,39,29,41.8,35.9,1904,0.4118,51619.0,32262.0,53824.0,35023.0,913,88,9,91,732,86821.0,87824.0,,,,,,,103668.0,104946.0,,,,,,,3677,1978.0,1778,26145.0,59078.0,85870.0,120627.0,253867.0,450491.0,3974,14,150,0,0,7395,56,0,19,293,526,1194,360,86,9,647,142,162,63,109,86,133,183,138,3520,456,1609,1223,1294,1571,234,1441,960,2181,834,42,56,2256,53,124,190,9,0,53,212,102,20,39,714,1000,0,218,877,1410,549,2933,Woodstock
1569,17,10,2,0,14,60,23,34.9,35.0,363,0.3421,46008.0,30329.0,43368.0,33882.0,220,40,23,39,183,86053.0,87368.0,,,,,,79375.0,95781.0,97875.0,,,,,,,678,1981.0,343,28401.0,56428.0,84882.0,111576.0,191242.0,259944.0,842,4,59,2,0,1445,31,0,0,58,100,202,73,10,16,62,9,27,6,67,10,35,23,13,692,108,304,372,183,305,73,396,261,247,121,7,37,389,0,27,32,14,0,21,36,0,8,0,181,227,11,5,205,231,96,556,Scotland
4186,62,31,76,12,6,136,21,39.0,36.1,1275,0.4523,50804.0,37841.0,52527.0,39147.0,553,87,52,132,430,93472.0,94444.0,,,,,,,127530.0,126250.0,,,,,,,1689,1988.0,805,17108.0,53586.0,95697.0,148818.0,292015.0,433842.0,1887,0,167,36,18,3974,30,0,8,108,377,487,113,37,108,260,154,190,7,184,37,50,156,123,1785,58,1095,591,324,769,87,644,520,1022,592,28,67,982,3,154,97,0,0,20,65,61,8,23,215,483,16,52,492,576,306,1441,Pomfret
24655,2821,1488,648,69,2919,10143,1846,35.5,31.7,7672,0.4269,25470.0,18055.0,25897.0,20842.0,2610,1122,1314,2518,1364,47481.0,49383.0,,,52917.0,37077.0,43859.0,35765.0,48527.0,59216.0,47542.0,24859.0,,34146.0,29113.0,33250.0,9447,1957.0,2780,9056.0,26719.0,46817.0,68955.0,128596.0,188554.0,9038,159,1104,67,200,14577,7844,188,248,765,2259,1443,411,60,1019,16,53,11,0,73,60,753,1040,896,7361,1628,5179,3340,1574,4805,2478,4935,3043,2421,1158,662,1201,2767,1045,1782,1577,85,15,397,1622,1312,115,361,2575,895,0,1166,3018,3691,582,6797,Windham
4236,1,19,105,0,72,216,81,40.8,33.2,1130,0.4228,47426.0,32033.0,50756.0,33942.0,504,58,41,146,416,70952.0,71458.0,,,,,,82188.0,92500.0,92917.0,,,,,,,1934,1969.0,818,11806.0,45685.0,70661.0,107544.0,196220.0,270661.0,1958,0,232,29,14,3700,100,42,45,104,366,439,121,22,71,242,74,8,9,66,22,106,141,45,1614,157,505,904,594,850,195,778,571,951,537,28,100,857,8,229,208,0,0,20,255,25,24,38,485,419,8,83,621,672,310,1527,Ashford
8238,371,95,202,0,25,358,170,37.2,36.6,2869,0.4138,35750.0,30294.0,38800.0,36936.0,1128,267,237,458,882,76047.0,76250.0,,,,,,,86027.0,87132.0,,,,,,,3096,1976.0,1644,16112.0,47658.0,76735.0,113648.0,201616.0,344171.0,3181,0,176,112,104,7228,272,36,41,255,635,1188,147,16,208,319,38,33,0,99,16,125,353,44,2651,398,1483,904,838,1585,495,1832,1756,1370,497,30,180,1974,125,249,373,13,0,80,285,187,20,0,749,966,14,244,721,1465,370,2437,Brooklyn
17231,502,481,484,9,115,709,355,39.8,35.8,4458,0.4215,41495.0,29011.0,45851.0,32131.0,2229,361,672,1209,1375,62550.0,62955.0,,,,,,,83286.0,85123.0,,,116154.0,,,,8102,1967.0,3083,14227.0,35393.0,61690.0,94518.0,170529.0,258966.0,8353,73,644,129,177,15039,256,62,117,453,1234,2166,472,106,630,352,232,48,25,61,106,476,853,131,6336,1577,4243,2218,2096,3475,1566,4314,2348,3274,970,309,372,3527,183,871,1184,0,0,213,731,640,87,257,2256,1452,35,667,2091,3474,689,5759,Killingly
9361,211,120,98,0,37,455,84,39.0,34.6,2959,0.4398,36466.0,27822.0,36981.0,33573.0,1569,221,209,519,1079,60201.0,60667.0,35833.0,,,,64205.0,,75714.0,76687.0,,,,,,,4483,1953.0,1533,13895.0,36164.0,60456.0,89661.0,187941.0,278126.0,4322,6,309,36,121,8714,163,0,70,314,864,968,272,55,273,188,64,33,5,29,55,251,518,223,3356,886,2642,981,928,1421,557,2458,1517,1864,729,89,339,1920,240,695,720,6,0,357,581,416,37,184,1059,761,49,485,1356,1976,195,3327,Putnam
4234,36,12,53,0,12,95,70,44.2,32.6,1229,0.3827,53229.0,26875.0,56250.0,26541.0,696,42,44,74,408,88167.0,88667.0,,,,,,,102206.0,102206.0,,,,,,,2027,1961.0,974,21986.0,55716.0,85625.0,117441.0,211584.0,323505.0,1855,38,56,0,13,3874,72,97,0,174,226,495,159,16,117,455,246,170,28,209,16,55,120,89,1772,154,746,702,534,711,138,784,852,980,495,18,48,988,8,118,234,24,17,68,120,96,29,0,70,357,0,61,386,611,489,1597,Chester
6604,266,21,383,0,34,195,82,46.2,34.5,2237,0.4557,65305.0,32446.0,66636.0,28460.0,1414,0,87,233,642,89261.0,92831.0,,,,,93750.0,75833.0,123800.0,137985.0,,,,,,,3494,1963.0,1473,22367.0,52967.0,89983.0,150824.0,307550.0,456137.0,2932,131,63,39,0,6182,72,23,13,307,549,854,128,100,101,514,397,367,124,448,100,120,90,140,2909,231,1650,908,645,953,194,1162,649,1955,1169,0,236,1589,42,247,341,77,19,208,174,243,54,22,84,572,114,219,667,995,645,2864,Essex
12827,144,140,585,21,66,364,318,41.5,37.1,3270,0.3894,56231.0,35499.0,58395.0,39014.0,1603,70,7,342,1144,95513.0,94301.0,202500.0,,106912.0,,,96080.0,114615.0,115062.0,202500.0,,113750.0,,,,5537,1973.0,3194,26468.0,61623.0,96252.0,135190.0,245136.0,389847.0,6106,30,258,69,37,11389,210,60,118,386,903,1644,523,42,54,1156,223,93,110,250,42,355,217,70,5288,660,1355,2526,2325,2473,549,2540,1739,2974,1533,10,199,3129,29,88,424,46,0,57,310,166,50,0,899,1644,27,62,1015,1995,1467,4259,East Hampton
13910,1140,100,616,0,46,1241,320,43.4,37.0,3375,0.4247,57969.0,40338.0,65882.0,50889.0,1828,92,116,397,1181,89243.0,94088.0,52469.0,,,,130417.0,92692.0,117722.0,123185.0,84457.0,,,,65313.0,93702.0,6253,1975.0,3181,23520.0,55178.0,90288.0,136208.0,263553.0,425744.0,7262,33,407,0,176,11834,349,12,7,469,908,1712,407,109,263,693,364,271,54,585,109,339,574,140,6615,413,2881,3222,1332,2781,512,2116,1673,3683,2230,52,369,3068,270,193,665,56,112,190,439,374,85,119,1378,1528,0,270,1205,2605,1123,4984,Cromwell
3203,142,0,7,0,0,96,24,40.1,35.2,799,0.3199,65893.0,33125.0,65833.0,36107.0,375,32,9,35,351,105328.0,105164.0,116000.0,,,,,,122500.0,125729.0,94125.0,,,,,,1357,1972.0,780,38324.0,77227.0,104476.0,142607.0,224965.0,332837.0,1691,22,150,0,3,2929,59,0,0,102,188,455,143,0,18,233,62,36,29,69,0,48,8,35,1462,136,298,1160,290,594,81,580,470,699,441,0,51,837,0,99,42,0,0,35,42,46,27,23,218,419,28,29,330,546,242,1160,Andover
12433,183,26,246,0,154,300,103,40.7,36.0,2630,0.3768,58120.0,38104.0,60795.0,41000.0,1254,84,40,155,1070,96143.0,96125.0,,,,,,88706.0,118373.0,117689.0,,,,,,76250.0,4999,1975.0,2869,32375.0,68619.0,98114.0,142717.0,256943.0,418152.0,6600,33,275,0,10,11384,55,0,16,368,893,1882,384,105,47,874,176,207,55,311,105,115,202,2,5754,606,1891,3229,1515,2702,226,2249,1457,3184,1426,69,145,3297,18,160,257,17,0,56,238,111,49,91,1226,1403,10,195,1139,1843,1055,4331,Coventry
4911,102,7,87,0,104,370,123,37.5,34.6,1356,0.3968,52669.0,45101.0,55052.0,50662.0,696,18,33,125,479,105772.0,106397.0,,,,,,,127292.0,128906.0,,,,,,,1952,1964.0,1111,29809.0,63525.0,103306.0,153486.0,274027.0,419614.0,2457,10,239,10,21,4314,107,0,18,191,330,535,264,0,39,384,95,140,23,189,0,37,44,34,2105,157,761,1380,360,912,198,939,501,1165,664,26,24,1252,9,87,59,0,10,23,67,27,0,10,288,697,19,28,477,628,499,1740,Bolton
14713,298,65,744,0,23,231,245,42.2,35.0,3421,0.4096,64917.0,36516.0,64967.0,46365.0,1403,132,34,86,1429,118194.0,118741.0,,,,,,,142626.0,142106.0,,,145129.0,,,,5473,1982.0,3330,32622.0,84145.0,120455.0,167480.0,344886.0,596974.0,7350,140,328,0,3,13227,144,241,44,443,924,2079,716,22,135,1359,612,249,10,714,22,85,178,49,6759,452,1802,4113,1624,3414,213,2132,1976,3590,2210,33,154,3931,30,15,313,0,0,29,117,60,58,32,793,1734,25,157,1062,1986,1311,4989,Tolland
11005,740,124,248,0,301,694,147,41.3,34.7,4330,0.4255,52313.0,35599.0,54363.0,43212.0,1304,50,20,90,1144,108560.0,109049.0,,,,,,107125.0,125991.0,126462.0,,,,,,107125.0,3725,1975.0,2220,30385.0,73969.0,109819.0,153337.0,333824.0,615700.0,4346,52,246,37,50,9694,432,75,10,361,710,1316,387,68,65,1064,452,220,30,370,68,213,286,109,3967,294,1715,1864,928,1887,744,2443,1272,2620,1369,12,107,2645,43,78,250,13,18,32,188,117,26,0,156,1148,59,62,797,1351,977,3126,Somers
29232,2769,75,2003,49,1330,3084,1312,40.9,36.0,7597,0.4213,42014.0,30142.0,46408.0,36220.0,4307,685,598,1807,2803,64587.0,65509.0,31484.0,79286.0,91446.0,83177.0,,63250.0,85694.0,89891.0,40930.0,,94677.0,,,71150.0,14072,1968.0,4619,14873.0,38599.0,65124.0,97209.0,181187.0,278980.0,13500,650,1201,104,103,23185,1477,181,285,983,2521,3022,589,105,1186,491,181,48,11,195,105,1028,1319,241,11806,1384,4930,7667,1794,5071,1185,6670,3761,6577,2861,107,1057,5666,649,1817,3423,227,0,675,2723,1506,190,413,2698,2704,82,798,3541,6763,1637,10692,Vernon
894,3,16,18,3,0,3,9,45.2,34.8,327,0.3589,64063.0,30000.0,74063.0,31875.0,163,3,5,8,133,87083.0,86458.0,,,,,,,103125.0,101071.0,,,,,,,408,1980.0,212,32895.0,64407.0,91503.0,134119.0,230570.0,334837.0,406,0,19,0,0,838,10,0,0,80,76,114,21,0,1,88,44,22,8,18,0,10,31,1,351,37,58,209,140,137,18,216,136,234,91,9,9,273,0,0,8,3,0,2,8,0,9,2,72,116,2,14,115,115,112,333,Union
5417,14,14,0,0,177,448,47,40.5,36.6,1695,0.3786,59196.0,47500.0,66974.0,49070.0,795,108,0,71,547,109962.0,112163.0,,,,,,112895.0,114667.0,120580.0,,,,,,112895.0,2315,1977.0,1353,30312.0,70804.0,112875.0,153133.0,273207.0,415813.0,2548,0,170,0,13,4675,353,0,0,268,385,961,158,0,0,281,232,81,11,117,0,52,153,16,2256,138,950,875,739,958,94,1013,633,1489,755,0,157,1615,15,13,91,0,0,0,119,0,61,13,290,1039,29,66,513,1195,265,1951,Columbia
16170,570,163,1212,0,301,741,610,41.2,36.4,3774,0.4306,64124.0,40154.0,66748.0,49197.0,1834,133,193,447,1166,91510.0,91693.0,,,121575.0,,,73385.0,122471.0,121285.0,143333.0,,,,,,7418,1981.0,3034,20540.0,57723.0,93674.0,136986.0,272876.0,434056.0,7925,107,512,40,0,14053,294,172,17,390,1132,2050,560,54,528,1041,558,197,77,541,54,278,556,156,6854,822,2487,4053,1648,3420,487,2991,1775,3648,2509,133,183,3799,26,606,1493,436,0,408,1129,496,62,159,624,1635,32,106,1563,3224,1512,6166,Ellington
25799,1525,253,2785,0,282,1390,1777,29.5,24.4,11322,0.5601,7910.0,6346.0,6861.0,4895.0,1532,153,120,431,1028,51911.0,57421.0,,,32708.0,,,,113068.0,115350.0,63580.0,,142143.0,,,,6323,1977.0,1747,8781.0,25858.0,54470.0,113215.0,271531.0,497080.0,5757,289,1281,32,33,20368,848,1372,25,451,790,1185,257,83,1441,657,211,66,8,273,83,495,294,2898,6276,1387,6196,1477,1271,2107,303,1253,1161,2088,2467,119,336,2203,34,621,1373,450,121,143,353,516,159,70,763,1089,35,177,1509,2549,1149,4951,Mansfield
11881,212,223,242,10,48,419,110,41.5,35.0,3209,0.4003,50458.0,29212.0,54164.0,34800.0,1569,158,91,368,1299,74386.0,77625.0,,,,,,,96698.0,97127.0,,,,,,,5113,1960.0,2313,18970.0,46519.0,76877.0,116607.0,199126.0,290887.0,5870,29,556,121,38,10995,267,0,43,259,927,1439,354,35,161,359,103,12,0,85,35,208,444,145,4881,607,2057,2358,1629,2038,580,3087,1875,2098,611,95,197,2644,63,539,616,0,6,150,595,278,49,135,1706,1070,14,211,1530,2208,638,4055,Stafford
5893,151,124,455,0,46,249,258,36.9,36.4,1462,0.4386,45701.0,37014.0,42679.0,37021.0,740,29,40,110,562,76908.0,79418.0,,,43462.0,,39107.0,,115511.0,116197.0,,,,,,,2807,1975.0,1208,13797.0,44743.0,76063.0,117022.0,219635.0,343360.0,3255,14,362,100,23,5035,207,160,0,140,419,657,115,36,220,315,76,15,0,86,36,233,198,196,2782,321,1191,1258,1016,645,140,1033,804,1029,706,30,36,1265,75,234,567,0,0,25,314,289,33,60,537,605,24,140,641,1201,473,2146,Willington
62587,2860,258,5662,41,1664,8613,7651,44.9,36.7,18492,0.5726,86571.0,37558.0,102433.0,43049.0,6380,579,395,904,3689,152577.0,155651.0,,49485.0,239250.0,67976.0,102639.0,70588.0,204729.0,212925.0,94444.0,,250001.0,59688.0,,80688.0,24560,1961.0,9316,24836.0,78434.0,156346.0,295860.0,850849.0,1405312.0,18779,5704,1244,89,337,42496,7317,1132,294,1795,6073,6736,1609,457,1730,388,443,1936,2071,9031,457,683,894,1390,23507,1122,11006,6671,8196,15914,1429,5900,4345,16425,14063,451,945,14523,431,553,2896,2077,1179,1778,2186,1386,82,81,210,299,9168,644,1759,5914,4466,20694,Greenwich
9176,49,43,168,0,165,404,344,42.6,36.8,2732,0.4837,75540.0,42917.0,76318.0,45709.0,969,32,18,67,724,132838.0,133801.0,,,90313.0,,,133589.0,158958.0,161204.0,,,,,,134355.0,3959,1974.0,2036,28909.0,76419.0,134685.0,205504.0,487809.0,830146.0,3558,221,51,8,25,7885,259,42,29,333,711,1323,274,54,132,359,531,1269,334,1415,54,91,59,87,3723,92,969,1440,1457,2068,106,719,812,2756,2013,32,168,2412,106,58,136,134,86,143,105,119,20,17,35,74,239,121,218,864,780,3302,Redding
20276,330,52,1330,26,114,1068,939,46.5,36.1,6646,0.5388,129944.0,43361.0,156250.0,47854.0,2320,176,11,247,1210,190227.0,189383.0,70417.0,,226667.0,,161458.0,136156.0,248162.0,250001.0,71250.0,,250001.0,,161458.0,136698.0,7655,1966.0,3914,36983.0,106808.0,189677.0,368396.0,981343.0,1309980.0,4856,1952,274,0,1,16002,756,347,37,671,2133,2268,365,134,343,150,159,371,707,3977,134,99,250,235,6547,222,2569,1913,2561,5878,220,929,1073,6037,4919,77,231,5092,115,94,325,472,366,180,495,354,46,0,81,106,3990,137,249,1213,1406,6767,New Canaan
13955,183,30,326,16,623,1212,264,42.8,34.4,3986,0.4232,64089.0,32585.0,68929.0,39816.0,1787,99,50,115,1325,112457.0,113155.0,,,101250.0,129643.0,61250.0,127273.0,134960.0,135532.0,,,106250.0,129643.0,62159.0,128036.0,5889,1968.0,3339,33737.0,74687.0,116177.0,163523.0,346684.0,627712.0,6320,205,387,111,64,12122,475,0,35,465,1040,1765,613,22,109,1527,790,535,100,1056,22,150,135,127,5861,404,1430,2451,2771,2750,278,2282,1564,3498,2056,69,194,3585,0,18,127,142,21,23,102,74,106,34,271,1164,114,54,747,1597,1495,4686,New Fairfield
27822,638,158,880,39,605,1472,419,42.0,34.9,7504,0.4174,70475.0,36429.0,75775.0,42153.0,3267,184,72,246,2169,127602.0,126875.0,,,212396.0,95964.0,152045.0,114896.0,151643.0,151146.0,,,222550.0,95868.0,152045.0,114896.0,10506,1977.0,6223,32864.0,79906.0,128536.0,187240.0,363466.0,586799.0,12435,197,564,63,32,23693,906,41,46,992,1726,3783,1209,84,171,2596,2002,1791,389,2732,84,250,637,148,11480,736,3371,5394,4015,6415,698,3849,3058,6980,4574,53,240,7371,79,190,570,171,49,189,464,235,151,29,257,1386,141,156,1128,3065,2720,8998,Newtown
10287,358,112,674,31,85,648,397,44.5,33.0,2394,0.457,111599.0,44507.0,113652.0,51127.0,912,42,24,26,508,222535.0,221771.0,,,241250.0,,181250.0,115742.0,242083.0,246157.0,,,250001.0,,181250.0,,3882,1968.0,2546,48070.0,133100.0,224337.0,358968.0,739114.0,1160813.0,3491,666,151,24,27,8563,498,76,22,260,766,1626,274,11,5,45,88,1026,915,2386,11,18,54,86,3901,191,1088,1632,1523,2949,129,516,560,2752,2778,22,134,2748,0,31,2,35,47,38,12,60,36,0,0,33,1178,18,100,438,494,3375,Weston
7543,65,86,179,0,87,282,126,42.0,33.8,2187,0.4351,71646.0,42083.0,86188.0,49399.0,941,74,36,87,508,157448.0,157520.0,,,100000.0,,,,172786.0,172929.0,,,,,,,2870,1966.0,1743,39842.0,92875.0,151338.0,232762.0,465125.0,797089.0,2999,190,253,11,14,6647,131,29,31,229,704,1030,253,16,25,100,488,1138,637,1306,16,34,93,57,2807,186,820,1498,928,1616,141,819,719,2184,1710,8,67,2110,0,25,79,50,33,51,98,13,15,14,7,30,167,0,108,733,636,2672,Easton
145639,56268,1903,6050,892,25258,59371,25791,38.1,34.2,38289,0.4803,28006.0,21412.0,31154.0,22986.0,13693,5065,2249,13771,6452,46662.0,48585.0,48081.0,,52917.0,38145.0,45769.0,40135.0,53271.0,55361.0,60279.0,,54494.0,37760.0,49976.0,41745.0,58552,1948.0,15142,9284.0,26014.0,46602.0,75332.0,163281.0,277057.0,54176,6973,5649,395,2485,69820,46230,521,2549,3897,11227,11930,5012,835,9970,1800,181,160,96,1300,835,4628,6853,3110,50694,7916,28317,20974,14968,33228,19683,30912,17310,16883,6622,3555,7224,18738,3797,6026,17481,1197,114,2193,8523,7284,1268,2267,9432,5789,195,4430,9712,27167,7194,39157,Bridgeport
21742,260,106,1547,15,148,897,955,49.0,34.4,5770,0.5143,151711.0,44784.0,177708.0,46226.0,1717,95,23,113,993,232523.0,234444.0,120167.0,,250001.0,,,207222.0,250001.0,250001.0,145500.0,,250001.0,,,250001.0,7278,1956.0,4364,41401.0,127790.0,232755.0,428783.0,996910.0,1446558.0,5065,2787,320,17,11,17398,735,376,114,500,2089,2592,531,30,216,44,98,440,996,4248,30,193,270,285,7612,205,3095,1706,3336,7322,311,734,816,6576,4599,28,133,5437,20,80,212,273,307,116,237,314,122,9,24,44,4196,42,319,980,1276,6432,Darien
25042,515,153,1347,0,273,1198,1192,44.5,35.6,6703,0.4801,104832.0,43913.0,119293.0,52587.0,2478,121,86,179,1902,163945.0,163829.0,,,200134.0,,,129000.0,200854.0,202945.0,,,200893.0,,,203750.0,9726,1971.0,5641,36982.0,95875.0,165635.0,259628.0,597307.0,1036375.0,9270,1012,395,0,65,20998,1081,173,40,714,2410,3120,762,94,234,649,1002,2702,1515,3937,94,236,390,310,9660,537,3202,2790,4600,6938,283,1329,1672,7759,5750,27,329,6610,42,200,459,382,103,310,294,348,33,41,176,305,1298,135,650,1794,2391,8375,Ridgefield
41141,1278,129,1986,43,1085,3637,1860,40.4,35.7,11475,0.4477,56616.0,36218.0,62854.0,45534.0,5740,456,300,922,3538,97131.0,96993.0,,23929.0,128594.0,51925.0,67845.0,64583.0,117256.0,117727.0,101346.0,,129023.0,,67845.0,89830.0,17208,1976.0,8695,20651.0,57521.0,96348.0,142696.0,291723.0,537636.0,20043,553,1160,134,275,32663,1963,238,164,1624,2634,5241,1701,168,723,5030,2204,1458,154,1708,168,606,1701,202,18614,1024,7864,7955,4979,7003,1655,7755,5084,9654,5825,192,730,10114,273,355,1590,693,67,340,1162,649,208,222,918,2692,153,500,3312,6484,4013,13878,Shelton
28016,611,153,2195,20,65,1254,1699,46.0,34.7,8247,0.5094,146780.0,40841.0,160944.0,44716.0,2959,210,43,309,1758,206466.0,205991.0,,,230417.0,,191111.0,180577.0,250001.0,250001.0,,,230938.0,,250001.0,182833.0,10931,1964.0,5768,34682.0,115263.0,207626.0,390188.0,858534.0,1258659.0,7466,2897,210,32,74,23067,898,410,125,681,2846,3371,671,49,322,152,225,1227,1553,5692,49,277,283,312,9996,469,3530,2579,4566,7549,317,1565,1585,7621,7473,125,166,7153,0,180,554,338,347,396,391,217,53,19,102,165,4952,58,492,1966,1659,9356,Westport
84619,10349,870,5841,114,16841,25360,16414,40.0,35.1,19834,0.4403,39209.0,27409.0,39607.0,30004.0,8211,878,702,3008,5088,73297.0,78170.0,69579.0,,111488.0,50727.0,76250.0,55664.0,85157.0,97492.0,71210.0,72159.0,114489.0,50159.0,61250.0,53066.0,32990,1970.0,12223,17169.0,44707.0,73644.0,111065.0,224913.0,375208.0,40832,1762,2267,343,1422,44668,20449,555,620,2006,5585,8446,3519,250,3149,5298,2049,981,216,2124,250,1872,2350,1294,38151,3470,19690,11672,12526,16613,8283,16490,9533,15049,7482,1201,2391,15344,927,1607,7900,1745,166,1037,4447,3462,356,396,2838,5135,136,1398,5121,14429,6678,25778,Danbury
3649,0,36,83,0,57,125,46,43.4,32.7,1073,0.5161,58083.0,38472.0,62500.0,34896.0,601,43,0,0,389,101818.0,104091.0,,,,,,63393.0,117594.0,118219.0,,,,,,,1799,1978.0,695,32847.0,63968.0,100889.0,149243.0,464534.0,970343.0,1517,57,49,0,0,3226,42,15,10,143,292,483,135,45,11,238,355,269,166,252,45,83,28,68,1494,99,385,738,519,715,43,639,366,1093,511,0,73,970,0,10,68,83,0,10,101,39,9,0,43,107,77,12,325,467,369,1359,Sherman
17016,308,90,984,19,411,1070,657,42.7,34.6,4361,0.4158,60931.0,34125.0,68563.0,37212.0,2258,147,74,315,1490,114615.0,117361.0,,,104656.0,,126050.0,118220.0,127287.0,133657.0,,,104188.0,,126300.0,114118.0,6721,1976.0,3631,29726.0,71469.0,113352.0,161723.0,321178.0,523858.0,7758,172,364,89,22,13939,572,231,54,439,1348,2352,557,28,196,1364,1032,874,206,1315,28,122,303,181,7269,478,3327,1971,2813,3847,516,2597,1687,4829,2156,114,237,4291,37,12,719,168,46,46,539,180,62,16,458,996,182,60,740,2322,1735,5775,Brookfield
35976,2001,196,2703,80,882,2535,1694,41.8,33.6,9648,0.4033,64976.0,36581.0,75188.0,46170.0,4382,318,136,577,2883,122451.0,121838.0,124196.0,,135160.0,135147.0,,120938.0,138681.0,140081.0,122634.0,,136474.0,135147.0,,140904.0,12631,1965.0,7075,31789.0,80635.0,124377.0,177984.0,333737.0,554398.0,15042,583,690,123,131,27609,1398,317,61,1042,2264,5034,1386,180,433,3823,2665,2041,329,3362,180,451,771,202,13972,1165,6367,4661,4799,8921,966,4344,3664,9165,5826,94,423,9148,114,99,495,641,127,226,508,300,143,8,176,1147,202,184,1002,3683,3779,10968,Trumbull
19681,376,51,547,7,323,1039,205,40.9,34.0,6932,0.4366,60571.0,36019.0,66929.0,46190.0,3812,199,86,318,2570,98790.0,95884.0,158942.0,,193083.0,147852.0,148500.0,151528.0,128856.0,127620.0,158942.0,,181016.0,147852.0,,152222.0,8779,1977.0,4098,22000.0,56574.0,99214.0,150483.0,292525.0,435839.0,7836,49,464,14,358,17510,554,182,62,949,1411,1950,870,118,239,1686,1288,683,84,1277,118,589,747,130,6992,559,2674,2747,2594,4054,441,3133,1960,5148,3456,56,217,4845,49,90,660,102,140,195,293,291,36,462,1322,1162,84,99,1154,3645,1673,6630,Southbury
29147,1617,212,2228,0,821,1086,687,40.8,36.3,8980,0.3926,64600.0,40810.0,70910.0,51629.0,3563,366,198,538,2613,120546.0,120221.0,120761.0,,104671.0,,125789.0,193563.0,139306.0,140261.0,116917.0,,155156.0,,125789.0,192813.0,10958,1968.0,5752,35702.0,74504.0,118965.0,173291.0,318405.0,468872.0,13178,81,449,39,257,24625,792,390,9,758,1905,3712,1187,75,182,2749,1692,822,146,1677,75,625,642,304,12315,799,4431,6435,2697,5389,987,3582,2857,7764,5590,29,232,7292,101,190,749,55,66,223,509,247,47,76,790,2593,18,164,1848,4509,1896,8902,Cheshire
60982,16850,433,3549,60,3701,7608,3685,38.5,33.9,17039,0.4293,43255.0,30238.0,46480.0,32506.0,6954,905,528,1938,4348,77274.0,87358.0,61250.0,,90526.0,75583.0,83066.0,74599.0,102709.0,118026.0,74104.0,,99643.0,75625.0,83750.0,76344.0,25084,1963.0,10155,17349.0,47611.0,78853.0,121386.0,227782.0,355026.0,28324,1275,2508,119,385,47793,4429,761,206,1474,3646,6537,2025,203,2026,1889,514,497,128,1650,203,1012,1826,1459,25284,3266,12917,13169,4972,10264,2146,10005,6351,11050,10088,454,1193,11829,471,1130,5662,606,73,920,3203,1670,303,469,4770,5735,127,840,3225,11358,5301,19739,Hamden
14191,386,18,252,0,137,478,172,40.7,34.0,3777,0.441,62888.0,32792.0,65608.0,40011.0,1966,180,85,314,1314,90461.0,91500.0,,,,,,120583.0,113092.0,114243.0,,,,,,123191.0,5855,1969.0,3124,31022.0,64858.0,92010.0,132753.0,313210.0,650431.0,7309,29,345,0,6,12580,275,0,13,550,915,1682,675,111,57,1240,532,312,22,499,111,98,311,78,6366,705,2793,3651,972,2627,493,3624,1982,2748,1517,55,169,3585,13,149,470,11,15,69,344,188,78,13,610,1763,0,105,1062,2233,1329,4930,North Branford
16508,796,72,478,0,769,2659,372,39.4,33.6,3868,0.4197,51342.0,30655.0,52937.0,32222.0,1849,221,154,604,1355,76195.0,75147.0,131250.0,,68673.0,79491.0,,77759.0,97375.0,97721.0,180724.0,,,,,64911.0,6573,1965.0,3215,21261.0,47183.0,76178.0,115709.0,223899.0,351032.0,8094,105,794,90,64,13202,1437,9,34,346,1016,1953,754,110,471,896,478,84,0,424,110,456,593,66,6786,685,2648,4109,1508,3730,628,3964,2566,2779,1341,64,540,3431,50,378,1162,94,0,154,717,342,30,92,1250,1546,33,91,1356,2586,1636,5154,Seymour
108276,26790,1444,3300,251,12007,40543,8772,38.7,35.3,32476,0.464,30114.0,22344.0,34591.0,27737.0,13501,3843,2908,13379,6310,42401.0,46555.0,40216.0,26094.0,54148.0,27833.0,37660.0,32247.0,52884.0,56676.0,47565.0,,56346.0,36124.0,59615.0,36971.0,47830,1957.0,11100,8424.0,23980.0,43350.0,71944.0,141039.0,219823.0,41143,1930,5680,623,1275,62038,28523,195,2271,4069,10147,7910,2657,728,7047,364,110,123,9,329,728,4759,7163,1980,33872,5501,21655,14821,8577,26054,13075,26380,13889,11526,4308,2553,5152,14807,3420,9062,10435,275,67,2742,6930,5644,681,3738,10104,1750,71,4024,13979,19340,2537,29015,Waterbury
23722,1176,69,1502,0,450,1200,542,40.9,36.6,6570,0.4199,53807.0,38924.0,63030.0,44826.0,3450,241,129,507,2323,96598.0,100896.0,56563.0,,123056.0,,,71544.0,119371.0,120521.0,66310.0,,131607.0,,142321.0,,9583,1964.0,4945,24084.0,60209.0,98507.0,143051.0,274912.0,470310.0,11830,187,534,103,44,20282,674,341,104,991,1512,2927,1052,177,456,2156,781,564,28,831,177,269,769,229,10933,779,5814,4877,1555,4121,719,5224,3004,5232,3605,123,421,5834,98,138,857,388,0,58,636,314,101,52,502,3109,113,133,1668,3466,2789,8026,North Haven
54328,2136,266,4122,53,526,3159,2469,41.1,36.9,15392,0.4439,55106.0,37777.0,63069.0,46970.0,7424,703,420,1116,5272,91799.0,89951.0,95227.0,,119375.0,,89773.0,93785.0,115557.0,113202.0,116125.0,,134191.0,,111597.0,110795.0,24417,1962.0,11137,21141.0,55947.0,91858.0,137473.0,282745.0,493418.0,25842,1329,1490,150,200,44963,1744,480,185,1696,3830,6768,1920,348,1114,4938,2074,1246,404,2274,348,958,1822,545,24531,1695,12022,9596,6098,9049,2059,10505,7734,13378,7670,233,1040,12756,220,619,3515,943,86,869,2184,1139,283,136,1559,5718,362,426,3874,9560,5969,19671,Milford
5456,122,8,25,0,20,76,69,44.0,36.4,1507,0.3808,53734.0,32188.0,60000.0,37328.0,709,44,26,59,508,111202.0,110481.0,,,,,,,116458.0,117240.0,,,,,,,2223,1971.0,1073,34967.0,65637.0,110257.0,159417.0,276430.0,414712.0,2584,0,117,26,32,5011,22,16,12,211,465,699,245,30,8,524,154,300,0,267,30,37,97,47,2287,227,911,876,844,1100,222,986,812,1411,488,16,51,1541,0,31,22,0,0,6,20,19,0,0,271,605,6,54,600,584,408,1809,Harwinton
2205,0,27,0,9,4,32,7,40.8,39.6,521,0.5103,48032.0,37938.0,51635.0,40870.0,304,18,18,48,191,87308.0,86731.0,,,,,,,107955.0,106786.0,,,,,,,1324,1962.0,511,21458.0,50380.0,88007.0,140477.0,361135.0,699815.0,956,15,83,0,7,1989,11,0,5,91,141,285,87,30,28,253,83,47,26,113,30,25,34,56,880,64,415,323,289,479,55,474,271,500,288,14,78,507,18,44,30,0,5,11,38,20,7,10,73,209,19,45,198,306,162,795,Morris
11711,595,203,27,0,112,728,56,42.7,35.2,3003,0.3923,50050.0,32518.0,51638.0,37650.0,1615,204,121,390,1174,82063.0,82222.0,126146.0,,,,,109479.0,103212.0,103987.0,165761.0,,,,,119960.0,5382,1966.0,2583,23544.0,49101.0,81358.0,119130.0,211028.0,318937.0,6173,26,443,100,66,10343,406,1,20,352,826,1418,499,16,134,407,107,17,14,87,16,385,393,342,5624,474,2289,2699,1553,1880,531,3224,1672,2188,873,49,153,2873,78,393,507,0,0,151,361,304,89,104,1775,1338,13,142,1504,2312,797,4080,Plymouth
2700,134,0,40,0,0,88,60,42.9,38.9,904,0.5876,58438.0,37037.0,57734.0,38500.0,424,62,0,32,394,81919.0,82845.0,,,,,,,111453.0,111453.0,,,,,,,1925,1954.0,567,18203.0,46759.0,82172.0,132798.0,467636.0,1116707.0,1140,67,55,89,4,2494,39,0,12,118,348,314,44,58,35,264,83,123,93,155,58,70,83,81,1197,36,677,436,175,307,129,646,253,752,437,35,49,728,35,118,110,12,0,52,87,101,0,0,75,202,105,95,368,430,172,1125,Sharon
7599,66,0,59,0,1,237,70,41.9,35.5,1981,0.3996,44609.0,31504.0,52669.0,35473.0,1082,90,89,349,708,68539.0,68208.0,,,,,,,92480.0,91742.0,,,,,,,3353,1969.0,1761,19678.0,46720.0,70184.0,109082.0,193166.0,307533.0,3926,11,185,65,14,7145,20,38,55,305,496,921,317,31,167,466,74,13,0,110,31,210,228,54,3456,350,1503,1615,873,1359,344,2028,1035,1462,611,40,95,1849,71,299,386,0,0,42,341,188,28,109,860,802,18,96,928,1454,538,2719,Thomaston
3625,20,0,76,1,25,84,48,41.1,36.8,1480,0.5196,44383.0,36328.0,31875.0,24500.0,955,44,20,44,580,72658.0,72563.0,,,,,,,98917.0,98000.0,,,,,,,2902,1960.0,585,17162.0,42386.0,70650.0,118461.0,312664.0,625864.0,974,22,66,0,29,3406,65,4,0,211,388,262,68,71,196,114,91,199,159,239,71,34,105,175,1039,66,802,161,208,708,102,486,320,1017,829,46,62,821,0,99,300,67,41,34,104,173,8,45,89,219,198,125,324,668,273,1561,Salisbury
34489,1587,238,1178,121,768,3922,2039,41.0,35.1,10175,0.4057,39504.0,27103.0,43248.0,32300.0,5293,586,583,2060,3234,63172.0,63233.0,50926.0,33750.0,69506.0,,69107.0,50114.0,81274.0,83880.0,65385.0,,77273.0,,55929.0,55576.0,16773,1960.0,6299,16103.0,37979.0,62287.0,96343.0,168254.0,251288.0,15713,160,1104,105,126,28025,2637,53,240,1264,2588,3707,1104,169,1026,281,106,44,28,112,169,795,1615,706,13869,1606,7451,4868,4260,6310,2756,9273,4905,6159,2225,346,1129,6948,526,2115,1922,23,3,782,1620,1113,240,1188,5801,1993,32,842,5022,6909,1417,12061,Torrington
1291,17,12,63,10,4,99,67,42.4,33.3,392,0.5882,59018.0,30160.0,51923.0,30446.0,257,39,2,45,161,80000.0,81042.0,,,,,,,100556.0,100694.0,,,,,,,1029,1952.0,254,21888.0,50418.0,82223.0,127478.0,496733.0,1162448.0,461,37,22,0,0,1057,79,0,9,52,129,185,28,29,22,66,67,79,50,81,29,17,35,52,513,15,197,207,146,212,41,178,214,392,201,11,35,339,13,44,23,20,3,10,20,51,0,9,51,79,65,52,153,192,91,546,Cornwall
27014,711,127,1128,94,1092,1988,1225,42.4,35.7,6073,0.4281,52666.0,31996.0,54076.0,34583.0,3029,249,75,637,1925,89969.0,90790.0,43824.0,,67422.0,,123148.0,100208.0,111000.0,112364.0,,,72045.0,51806.0,138750.0,114083.0,11896,1975.0,6023,23271.0,57747.0,89866.0,129810.0,269039.0,469958.0,13725,312,778,123,77,22211,1295,148,65,647,1898,3566,1135,76,537,2382,855,596,76,978,76,530,503,282,12477,1064,5142,5733,3444,5179,1061,5067,3868,6806,2699,131,575,6475,98,397,1612,147,0,150,837,706,185,198,954,2723,213,298,1880,4311,2969,9479,New Milford
21751,756,348,662,0,288,1446,737,41.5,34.9,5549,0.4417,47769.0,30907.0,52926.0,34773.0,2769,244,176,762,1781,79576.0,79236.0,64417.0,,92206.0,,98750.0,,99864.0,100417.0,,,97697.0,,,104838.0,9013,1966.0,4328,21017.0,48911.0,80015.0,116522.0,250938.0,452906.0,10532,87,709,16,259,17593,1040,53,66,792,1489,2583,1023,112,370,1023,388,206,82,509,112,436,891,358,9822,446,4936,3915,2126,3882,1114,4859,2635,5059,2171,83,481,5257,40,646,864,116,0,151,659,467,122,131,2003,2737,43,174,2488,3604,1626,7186,Watertown
1484,15,0,13,0,6,23,46,42.2,35.3,354,0.3231,57625.0,35724.0,52315.0,36094.0,208,9,2,7,156,98250.0,98125.0,,,,,,,112917.0,112778.0,,,,,,,783,1962.0,328,31645.0,73030.0,100012.0,134456.0,209500.0,301900.0,801,0,37,4,3,1424,0,0,0,12,114,206,59,10,5,100,34,36,9,33,10,45,54,41,749,56,242,292,308,288,48,331,248,280,165,5,4,382,0,0,50,0,0,0,45,0,8,15,164,162,2,38,126,255,128,491,Colebrook
2883,2,60,62,0,24,60,26,41.1,36.5,794,0.4676,54926.0,39408.0,52000.0,47303.0,429,18,24,39,360,109886.0,108523.0,,,,,,,137153.0,135486.0,,,,,,,1507,1981.0,550,28189.0,61047.0,110478.0,165250.0,377463.0,675688.0,1373,33,78,0,5,2610,31,0,26,109,192,393,105,13,8,306,90,121,63,106,13,62,54,16,1256,88,347,535,540,529,10,399,513,748,442,0,39,734,0,10,21,15,0,13,10,15,0,17,120,291,31,42,342,362,233,982,Goshen
9562,66,123,243,0,55,478,239,42.2,35.9,2806,0.4798,59107.0,31978.0,61373.0,36743.0,1484,111,46,143,1038,81362.0,81138.0,,,88250.0,,,83021.0,100634.0,99073.0,,,103405.0,,,93750.0,4652,1972.0,2182,23109.0,55906.0,82504.0,126345.0,320136.0,622336.0,4305,44,381,14,0,8164,393,0,18,381,890,1286,215,39,172,909,507,537,43,572,39,139,333,137,3748,357,1289,1844,1353,1794,302,1544,1385,2213,1753,21,182,2551,11,279,584,5,0,66,452,163,18,30,524,578,65,86,871,1699,862,3657,Woodbury
1707,77,18,40,0,6,47,28,41.4,33.3,555,0.5028,63750.0,35156.0,57917.0,33750.0,337,14,4,21,211,111250.0,104205.0,,,,,,117917.0,117500.0,115455.0,,,,,,117917.0,843,1966.0,380,33878.0,72102.0,111253.0,171616.0,479186.0,1010559.0,762,44,61,0,3,1583,26,0,4,80,110,234,66,21,10,143,113,152,61,128,21,29,38,20,723,42,310,295,221,216,58,254,198,482,374,3,12,471,0,3,38,27,6,7,34,23,3,4,11,55,62,5,147,219,179,632,Bridgewater
1143,50,0,35,0,0,12,23,42.5,32.8,290,0.5242,52888.0,31000.0,52000.0,32262.0,226,9,0,25,114,80298.0,84583.0,38264.0,,,,,,94625.0,107222.0,,,,,,,717,1952.0,252,23293.0,48370.0,80158.0,125959.0,373751.0,763741.0,485,22,14,3,0,1056,4,3,0,56,74,173,32,28,3,94,26,77,22,50,28,17,54,54,491,56,282,192,87,187,13,235,179,317,170,9,18,308,3,6,29,0,0,3,20,12,9,7,66,102,38,21,137,168,103,436,Canaan
8147,194,19,116,0,71,605,240,39.9,34.1,2908,0.4784,53450.0,27830.0,56341.0,34127.0,1669,80,70,196,946,84694.0,84889.0,,,,,73846.0,71250.0,112669.0,113784.0,,,,,,69583.0,4136,1966.0,1673,18415.0,48720.0,84110.0,137678.0,298544.0,530854.0,3414,22,184,24,25,7360,193,0,34,392,623,938,266,67,215,568,316,266,133,300,67,192,366,80,3109,223,1525,1008,983,1323,295,1810,958,1910,1263,20,142,2023,74,226,377,27,0,115,237,127,18,0,365,860,118,114,892,1326,716,2857,Litchfield
1457,23,8,22,0,0,43,23,41.3,35.8,385,0.48,62000.0,38438.0,60921.0,41250.0,211,20,10,18,153,104375.0,102500.0,,,,,220156.0,,117708.0,111250.0,,,,,,149688.0,845,1976.0,379,31653.0,72303.0,104640.0,176017.0,435808.0,733546.0,632,44,18,11,3,1338,26,0,0,83,105,197,60,6,20,158,88,31,52,106,6,14,38,14,650,22,190,301,199,268,37,268,181,357,276,5,24,416,0,8,12,28,3,0,21,10,0,3,17,112,75,36,107,163,175,541,Warren
1628,22,41,16,0,6,48,21,42.5,31.7,505,0.4838,47596.0,33221.0,47500.0,22364.0,333,14,15,71,187,75208.0,75104.0,,,,,,,101625.0,101813.0,,,,,,,935,0.0,311,18092.0,44346.0,77513.0,130689.0,281793.0,547300.0,627,10,26,3,2,1508,22,0,0,83,122,194,47,15,60,53,52,109,23,96,15,53,46,72,629,54,309,264,136,307,98,364,175,390,254,20,24,402,0,99,54,7,3,10,37,56,3,30,89,128,35,11,226,264,88,601,Norfolk
3281,145,11,0,0,119,342,143,40.1,37.2,1023,0.4501,42277.0,24056.0,42612.0,22206.0,567,101,59,169,293,62432.0,65162.0,,,,,,52546.0,92868.0,94338.0,,,,,,52546.0,1656,1946.0,700,14418.0,33864.0,61983.0,104140.0,191180.0,320116.0,1553,0,128,43,19,2719,322,0,0,40,248,313,98,17,204,58,9,19,23,33,17,115,181,46,1381,90,976,367,256,455,281,1010,503,484,238,38,65,596,89,144,254,0,9,49,167,76,0,45,453,280,2,106,356,720,170,1106,North Canaan
2105,0,0,53,9,0,41,35,40.6,36.8,626,0.4797,71210.0,43250.0,64673.0,47685.0,378,12,4,28,238,118971.0,119044.0,,,,,,,143462.0,143063.0,,,,,,,1169,1978.0,502,35578.0,82565.0,122915.0,184651.0,482214.0,910474.0,883,39,54,5,0,1850,49,0,0,52,207,287,44,43,26,85,155,214,88,205,43,14,41,61,900,29,258,397,328,397,28,279,247,601,408,10,10,570,5,28,58,11,0,16,30,30,7,0,3,38,157,14,145,257,228,837,Roxbury
6703,12,40,17,0,14,105,22,40.2,35.5,1572,0.3605,62050.0,39705.0,62820.0,41362.0,740,40,0,52,740,106765.0,110556.0,,,,,,94177.0,141538.0,142750.0,,,,,,,2911,1976.0,1643,32794.0,68774.0,109423.0,161637.0,251767.0,341559.0,3367,18,188,8,3,6159,53,0,0,184,387,904,309,64,73,611,300,136,41,262,64,99,168,132,3050,279,994,1195,1328,1540,49,1085,943,1620,927,0,74,1710,0,77,102,10,0,67,36,13,21,32,279,907,0,55,530,1005,664,2313,New Hartford
3450,41,31,90,0,119,236,286,40.3,34.7,1105,0.5787,53173.0,43934.0,53622.0,42222.0,651,19,11,11,331,108250.0,108531.0,,,,,,71098.0,138958.0,138958.0,,,,,,26646.0,2115,1965.0,697,22068.0,63372.0,109558.0,167753.0,594526.0,1301368.0,1246,184,64,0,10,2809,153,43,11,151,197,393,108,20,20,255,126,173,54,236,20,38,72,184,1470,80,603,492,519,547,111,467,446,875,672,10,73,755,0,20,178,73,9,67,178,15,8,5,26,218,223,44,165,517,406,1278,Washington
10288,481,32,505,0,13,507,128,42.7,34.9,2736,0.4367,48209.0,36312.0,57722.0,48977.0,1333,126,19,177,745,87567.0,87767.0,,,65221.0,,,74600.0,94930.0,94705.0,,,,,,88409.0,4282,1973.0,2374,26307.0,56567.0,88751.0,143656.0,295432.0,452300.0,4627,90,174,19,33,9104,299,0,0,361,835,1293,362,95,135,1013,316,338,171,450,95,203,239,168,4362,349,1477,1690,1718,2150,123,1128,1370,2935,1862,36,197,2618,33,184,497,17,0,45,242,309,19,36,364,963,0,48,719,1979,755,3604,Canton
44143,4376,586,1544,28,2092,4952,980,39.6,35.4,13450,0.4024,43941.0,31386.0,46768.0,37547.0,5460,972,634,1727,4102,79730.0,79492.0,89707.0,,94167.0,41103.0,106111.0,59577.0,95587.0,96768.0,89844.0,,111111.0,41176.0,105441.0,57401.0,17639,1961.0,8319,19434.0,48519.0,79423.0,112035.0,205866.0,323710.0,20435,114,1679,97,194,36748,2618,56,330,1196,3247,4882,1386,173,879,523,163,67,33,228,173,841,1269,511,17258,2123,8908,9329,2823,8116,2335,11276,6368,8814,3128,230,994,9157,229,935,2618,153,0,502,1554,979,206,206,6884,4464,90,614,4894,8779,2056,14634,Enfield
30234,1985,330,2509,34,1145,2877,1800,40.6,36.9,8280,0.3653,50101.0,36394.0,52807.0,41840.0,4317,306,310,999,3056,81646.0,80770.0,82639.0,,105729.0,76971.0,69375.0,63750.0,97427.0,98920.0,67083.0,,97391.0,104013.0,68125.0,86217.0,12810,1968.0,6202,22540.0,54544.0,82265.0,117168.0,192741.0,268697.0,15174,238,757,33,237,20760,1710,252,188,1210,1778,3408,1344,125,418,1376,264,109,23,445,125,839,1078,274,13698,1231,7727,6631,1328,5305,1669,5725,3910,7431,3486,146,628,6778,213,337,1933,64,16,364,1102,639,94,286,2981,4511,34,410,2928,6315,2143,10449,Newington
1653,14,12,11,0,34,66,21,42.5,35.1,466,0.3358,52500.0,37656.0,59375.0,52857.0,227,19,9,32,159,92813.0,92308.0,,,,,,115833.0,106094.0,105000.0,,,,,,,850,1982.0,384,25153.0,64601.0,94655.0,130985.0,195263.0,249373.0,758,3,44,4,0,1530,30,0,9,60,152,239,60,13,13,88,26,15,0,26,13,15,44,62,736,43,216,416,191,233,63,380,232,428,186,9,19,474,3,60,25,0,0,13,31,31,6,12,134,296,3,32,233,268,109,622,Eastford
1830,11,52,15,0,11,40,23,39.6,36.5,572,0.3962,46420.0,31994.0,45446.0,32566.0,309,15,36,61,263,81016.0,81484.0,,,,,,53750.0,98636.0,100156.0,,,,,,,835,1978.0,462,21960.0,53073.0,82701.0,126484.0,222345.0,298536.0,850,8,57,2,11,1683,24,0,1,91,129,236,78,12,21,121,31,31,4,23,12,19,28,19,729,91,213,373,291,272,40,507,281,369,237,10,40,483,9,20,33,0,0,9,23,9,9,13,211,282,9,54,204,378,114,738,Hampton
15860,445,159,429,0,203,635,299,40.4,37.1,3317,0.3936,59788.0,42488.0,63239.0,45761.0,1598,134,73,361,1498,105281.0,104452.0,76492.0,,175913.0,,,129250.0,120188.0,119319.0,135594.0,,176563.0,,,,6454,1984.0,3456,27318.0,64035.0,103348.0,141253.0,262131.0,425120.0,7801,92,591,38,16,14011,278,65,19,423,1118,2078,640,9,313,1090,418,97,22,561,9,199,332,223,6748,777,1724,3659,2733,3691,458,2688,2369,3766,1726,200,227,3813,39,251,940,120,28,260,422,362,35,65,887,1980,4,96,1124,2863,1332,5454,Colchester
26966,5714,510,1010,168,4887,9005,3249,41.4,32.4,7360,0.475,26371.0,18336.0,28074.0,19606.0,2542,971,457,3038,1829,46298.0,54294.0,26025.0,,,36000.0,47465.0,40600.0,51329.0,69712.0,,,26327.0,41875.0,45660.0,40625.0,12208,0.0,2809,9765.0,25299.0,45925.0,74171.0,157307.0,269095.0,10171,337,1492,20,259,16990,6729,70,272,605,2440,2219,551,140,1977,301,110,65,11,124,140,809,1454,1844,9341,1519,7926,3191,1235,5092,2293,4892,3337,3560,1702,972,1152,3419,925,2530,3113,63,0,494,2419,1574,75,275,2035,1031,58,1008,3389,5250,821,8469,New London
2589,87,19,87,24,29,60,16,39.1,36.0,690,0.3169,48333.0,32292.0,48919.0,40063.0,378,34,18,104,275,90156.0,90117.0,,,,,127750.0,,94500.0,94250.0,,,,,121250.0,,1055,1968.0,512,33251.0,65970.0,91514.0,120137.0,194078.0,262696.0,1294,6,97,12,15,2375,0,0,0,107,235,326,88,14,8,144,25,17,0,23,14,47,57,37,1056,184,582,562,193,477,57,727,335,460,239,0,66,690,5,71,69,4,0,22,80,39,6,0,307,315,9,21,393,427,108,882,Bozrah
1778,23,17,15,0,16,94,14,42.0,33.8,515,0.3741,58107.0,30809.0,58512.0,39688.0,249,21,20,53,189,96719.0,94875.0,,,,,158889.0,99519.0,117273.0,116932.0,,,,,162750.0,99423.0,768,1975.0,443,22581.0,56997.0,95205.0,135735.0,214112.0,309786.0,858,11,46,11,10,1632,35,6,0,59,129,243,87,16,4,113,28,5,0,20,16,50,66,12,685,150,287,374,220,339,58,432,277,335,174,3,40,475,27,26,24,0,0,20,38,15,3,3,171,301,0,80,145,310,146,601,Franklin
7215,45,0,169,0,24,142,48,41.9,37.1,2026,0.3555,53004.0,32744.0,57102.0,34773.0,965,154,65,162,771,91684.0,91775.0,,,100313.0,,,,100543.0,101750.0,,,100313.0,,,,3203,1976.0,1683,24680.0,62785.0,92410.0,136544.0,212136.0,259550.0,3259,16,162,0,40,6637,113,0,26,345,480,904,261,73,65,464,120,72,34,124,73,83,181,0,2832,281,887,1209,1179,1449,225,1525,1131,1561,758,85,165,1714,34,83,175,0,0,42,164,21,21,31,627,1036,48,105,678,1272,566,2554,Lebanon
18935,1137,83,741,24,442,1202,445,39.7,36.1,5253,0.3968,53486.0,35887.0,55840.0,39676.0,2949,255,104,602,2366,90893.0,90248.0,100069.0,,89773.0,,144250.0,89875.0,109787.0,110394.0,100764.0,,97594.0,,140982.0,106000.0,8426,1965.0,4038,22014.0,56390.0,90435.0,130588.0,230793.0,355707.0,9006,36,525,87,96,16393,515,203,12,562,1508,2285,725,124,272,1163,565,165,117,479,124,161,664,211,7727,1001,5634,2525,1094,3388,538,3992,2707,4122,2633,100,379,4589,79,236,771,182,0,207,593,174,81,70,1626,2481,55,372,1920,3392,1428,6890,Waterford
5223,384,61,118,0,2,170,104,40.1,31.5,1391,0.3973,50682.0,27019.0,58175.0,28811.0,756,22,39,118,514,75833.0,76542.0,,43802.0,,,56029.0,,100114.0,100871.0,,,,,56250.0,,2326,1966.0,1092,20977.0,49147.0,72576.0,123969.0,206347.0,268561.0,2300,24,237,0,31,4854,15,0,31,139,387,730,135,25,91,577,118,31,27,68,25,155,116,121,2005,203,744,1195,506,1256,214,1213,750,1023,482,36,194,1130,0,128,179,0,0,16,93,107,40,0,322,488,47,76,627,701,485,1711,North Stonington
18445,581,118,570,69,97,762,337,41.5,34.0,5926,0.4803,59033.0,27747.0,59741.0,29164.0,3135,261,201,608,2236,81667.0,79955.0,,,148188.0,,91458.0,47692.0,104799.0,105764.0,,,148375.0,,,,9512,1964.0,3625,18179.0,49730.0,81762.0,131304.0,297339.0,543785.0,8303,161,553,39,102,16583,322,119,242,884,1661,2218,444,85,449,1151,810,838,313,1035,85,276,560,282,7193,1000,4061,3434,1251,3105,593,3334,2278,4579,3162,57,304,4604,180,640,1145,125,58,341,904,427,208,137,771,1468,281,516,2033,3210,1331,7374,Stonington
39260,6694,2664,3658,44,849,5664,2153,39.0,34.1,10442,0.4358,37163.0,23758.0,40112.0,27961.0,5254,1125,1949,3351,3470,57052.0,58618.0,44402.0,,69828.0,79038.0,30081.0,42336.0,66985.0,77333.0,44873.0,52868.0,70461.0,79904.0,26173.0,40466.0,19224,1955.0,5234,13605.0,34495.0,56837.0,87090.0,172962.0,276318.0,18399,556,2509,360,513,28595,3900,1503,337,1306,3141,3824,1401,164,1642,337,164,124,13,217,164,1065,2305,379,13355,3470,9102,7922,2310,7798,2835,10170,6120,5722,2097,534,1885,6916,828,2581,4131,103,0,723,2948,2207,598,650,4702,1715,11,1203,5059,8078,1400,12751,Norwich
18724,963,274,1185,0,793,1164,364,40.2,34.7,6639,0.4203,64077.0,25556.0,69673.0,31786.0,2985,133,105,392,2263,95217.0,93080.0,108750.0,,130608.0,62898.0,84167.0,98897.0,121641.0,122653.0,,,131250.0,,,,8657,1971.0,3466,23034.0,58054.0,94724.0,142999.0,267925.0,432512.0,8022,29,591,103,104,15948,821,313,138,776,1310,2217,456,68,244,1478,760,582,96,578,68,150,451,139,7170,429,3688,3372,1130,3074,725,3172,2428,4307,3396,108,254,4259,145,311,1051,171,6,233,681,511,61,7,556,1992,61,227,1657,3257,1558,6744,East Lyme
2535,35,12,33,27,14,73,24,43.3,34.5,658,0.3559,56613.0,28472.0,57778.0,31359.0,315,64,42,79,192,85052.0,86771.0,,,,,66518.0,,103250.0,104400.0,,,,,,,1099,1979.0,582,19449.0,55888.0,84962.0,117215.0,181083.0,245611.0,1270,0,128,0,0,2397,15,0,9,62,245,313,103,21,27,105,49,19,0,30,21,8,114,5,928,219,220,547,508,509,120,590,494,466,152,24,55,635,12,44,63,13,0,0,69,32,11,54,268,324,4,78,206,439,213,865,Voluntown
4247,33,93,86,6,14,52,78,42.4,33.8,1010,0.3505,62831.0,31694.0,64161.0,34153.0,514,29,76,121,454,91125.0,92313.0,,,,,,,101944.0,101042.0,,,,,,,1804,1978.0,934,30498.0,64646.0,90635.0,126417.0,215509.0,328306.0,2254,9,122,0,0,3990,55,26,14,158,184,795,145,75,28,320,74,8,0,75,75,90,155,43,1770,414,637,1155,514,814,91,1157,762,684,352,10,42,1216,0,57,131,0,0,28,84,48,47,33,467,502,0,166,437,696,265,1469,Lisbon
18835,1573,664,1051,27,1156,2069,358,40.0,35.9,6309,0.4097,41480.0,30050.0,46586.0,35431.0,2330,252,111,674,2014,74106.0,74870.0,,55260.0,76375.0,77527.0,58438.0,78165.0,88096.0,91982.0,,56615.0,82587.0,77713.0,89659.0,62027.0,7781,1969.0,3867,18625.0,50309.0,75281.0,108908.0,208083.0,352409.0,8600,18,793,78,44,15636,1345,501,262,792,1430,2058,702,146,136,819,108,33,6,63,146,399,551,88,6461,1452,3581,3996,1129,3036,1445,5343,3360,2747,1306,67,410,4243,16,382,756,52,0,172,503,395,450,205,2129,1870,25,84,1979,3648,1077,6047,Montville
2499,77,3,12,0,10,59,84,42.4,35.8,727,0.5333,61667.0,33250.0,56122.0,31847.0,468,25,0,28,287,100435.0,100652.0,,,,,,,123750.0,127344.0,,,,,,,1197,1971.0,522,26304.0,61085.0,101773.0,173208.0,502991.0,905584.0,1013,47,63,0,7,2234,21,4,0,127,222,326,47,30,36,155,123,220,136,246,30,20,30,42,988,51,262,534,306,467,43,262,313,716,521,0,60,662,0,5,134,23,2,14,83,31,3,0,17,66,142,5,153,401,221,1006,Lyme
7396,119,47,105,29,9,339,291,42.1,35.9,2356,0.4876,68561.0,31708.0,68864.0,34009.0,1367,72,32,119,927,96567.0,97656.0,,,68654.0,,,143015.0,133365.0,138276.0,,,68654.0,,,143015.0,4939,1961.0,1477,22267.0,61169.0,98618.0,154019.0,376627.0,685623.0,3097,86,145,0,18,6718,195,16,15,340,650,956,202,38,164,736,471,475,101,516,38,108,196,110,2940,208,1465,1247,581,1352,233,1022,842,2031,1506,25,84,2024,60,42,436,49,28,23,252,169,28,10,207,385,131,114,764,1157,608,2893,Old Lyme
31347,3976,204,1190,0,1755,3904,1347,40.2,36.5,7766,0.4196,47847.0,31721.0,52433.0,38644.0,3491,547,191,1380,2605,74944.0,74462.0,109667.0,,98750.0,79526.0,34058.0,77927.0,92352.0,97341.0,110557.0,,109444.0,62264.0,33390.0,78018.0,12402,1966.0,5425,19060.0,45576.0,75176.0,116342.0,214984.0,331985.0,15154,179,1313,151,301,23092,2003,123,155,826,2332,3788,1041,201,803,499,124,27,61,436,201,493,1189,279,12614,1685,5007,6298,4307,6600,1669,7201,4887,5337,2828,215,875,6742,274,1126,1845,144,0,460,1165,862,370,811,3618,2451,38,542,2841,5645,1924,9907,Naugatuck
9705,770,100,49,0,105,350,104,43.6,36.0,2720,0.3435,56712.0,34405.0,63135.0,42442.0,1147,255,73,173,974,101134.0,104833.0,75650.0,,,,116250.0,,118636.0,126303.0,75650.0,,,,116250.0,,3742,1981.0,2075,31141.0,71127.0,102641.0,150304.0,227250.0,307675.0,4814,14,155,12,44,8472,117,0,0,291,584,1111,514,21,47,854,427,98,8,244,21,166,142,17,4358,332,1564,2194,1087,2008,390,1875,1264,2250,1180,0,180,2320,0,28,267,41,0,89,132,56,97,44,354,1108,0,130,576,1464,912,3039,Prospect
59676,6907,848,1434,115,4405,17417,3385,40.3,36.8,17324,0.4115,44206.0,31305.0,47970.0,36651.0,7762,2016,2874,7144,5489,58843.0,62723.0,53073.0,,,34801.0,43903.0,45305.0,77621.0,80905.0,70872.0,,117375.0,46949.0,48652.0,50847.0,28826,1957.0,9592,16190.0,39875.0,59481.0,89441.0,171907.0,274066.0,26122,605,1615,68,534,41204,12237,188,434,2089,5089,5418,1656,696,1907,720,216,130,50,384,696,2284,3850,1706,24527,2291,13295,11532,3606,11507,5286,16702,7648,9888,3265,643,1967,11208,1027,3666,5231,91,36,878,4591,2518,308,1166,8387,3847,24,1410,8588,12737,1780,19461,Meriden
25898,1490,98,3590,8,408,1498,1535,41.9,35.6,7078,0.403,67637.0,34319.0,73837.0,41031.0,3385,281,151,465,2561,107374.0,110863.0,85804.0,,124761.0,92450.0,,118801.0,128663.0,131204.0,105104.0,,129199.0,92450.0,,112102.0,10286,1979.0,5650,23840.0,64687.0,108476.0,152688.0,275204.0,405106.0,11772,196,838,20,63,20084,927,261,46,833,1876,3275,1188,66,518,2283,745,576,24,1099,66,402,681,180,10595,715,4474,6061,1613,5676,532,4025,2770,6102,4339,204,335,6587,103,269,1087,58,0,164,588,247,161,237,1216,2927,31,168,1615,4336,2499,8700,South Windsor
12671,945,201,725,0,218,585,400,40.1,36.8,3274,0.4331,47689.0,35385.0,52720.0,40148.0,1912,206,164,488,1223,70067.0,69889.0,52786.0,,109097.0,83007.0,51250.0,61595.0,89700.0,95066.0,,,109653.0,,51250.0,61078.0,5661,1961.0,2727,17287.0,46412.0,70281.0,106970.0,214755.0,381641.0,6260,33,949,21,106,10663,443,8,98,433,875,1586,442,82,233,283,0,54,0,144,82,537,645,210,4950,604,3224,2454,825,2461,627,3424,1860,2276,803,27,353,2858,157,206,569,39,63,103,263,407,55,66,2451,1282,0,398,1358,2677,648,4125,Windsor Locks
25528,750,113,3414,88,506,1663,2044,42.1,35.4,7292,0.4876,61694.0,36460.0,69077.0,45184.0,3401,234,142,537,2620,93053.0,92165.0,,,137885.0,67750.0,58750.0,89011.0,128791.0,127813.0,,,143490.0,,,89086.0,10975,1978.0,5029,18919.0,54220.0,94009.0,148273.0,341086.0,620628.0,11563,116,457,11,147,17590,1290,616,72,890,2052,2870,849,234,780,1827,1067,924,425,1246,234,380,842,274,10885,611,4460,5724,1769,5200,645,2832,2502,6835,5715,312,346,5931,291,282,1855,124,38,353,973,429,48,56,1083,2048,161,377,1929,4474,2203,9241,Farmington
26171,1503,419,1384,93,527,2087,1235,41.0,36.5,6816,0.447,54387.0,36090.0,59372.0,41012.0,3806,253,259,1122,2551,86216.0,91137.0,41008.0,,,92206.0,,,110090.0,113595.0,44583.0,,,92426.0,108375.0,62386.0,11481,1960.0,5545,18542.0,49619.0,86462.0,126482.0,260147.0,451187.0,13031,113,895,36,201,18955,1309,281,70,862,1612,3331,1094,148,532,1962,609,202,44,519,148,528,1199,260,11592,917,6895,5252,1257,4967,998,4981,2944,6037,3740,214,462,6153,449,505,1128,21,11,317,686,560,113,101,1923,3701,0,561,2210,5264,2215,9190,Wethersfield
11361,80,7,214,30,220,235,163,41.4,35.6,2770,0.4139,62068.0,43835.0,65949.0,48958.0,1123,58,83,204,1015,121250.0,120321.0,,,132917.0,,,,134500.0,135950.0,,,134583.0,,,,4398,1975.0,2662,34046.0,80142.0,120114.0,165858.0,349159.0,612296.0,5309,12,282,16,11,9970,137,0,12,438,648,1661,587,9,102,1037,368,475,89,669,9,77,233,109,4910,238,1846,2193,1391,2546,266,1441,1257,3370,1607,48,97,3177,34,120,193,47,0,79,193,20,45,30,366,1321,13,73,628,1630,1138,3837,Granby
57805,10779,986,7191,186,4290,7778,5815,40.4,36.6,14262,0.4209,48084.0,32955.0,51953.0,39106.0,6305,1012,894,3432,4629,74503.0,75632.0,54692.0,,86939.0,48687.0,85972.0,48855.0,85833.0,92835.0,59286.0,,90307.0,41129.0,99081.0,72938.0,25182,1962.0,9195,16451.0,45485.0,74165.0,105677.0,204141.0,339516.0,27576,543,1908,183,486,41251,3976,166,452,1811,5068,6235,1608,338,2052,1292,325,149,23,586,338,1277,1565,781,24398,2594,12074,13350,3476,12112,2547,10276,7608,13166,6944,506,1923,11841,790,1791,7396,282,36,1541,4219,2267,247,348,6933,3668,27,1058,4931,14318,2414,20803,Manchester
15688,1370,51,697,65,623,1217,417,40.4,36.4,5318,0.42,51434.0,43533.0,56549.0,50515.0,1496,55,159,219,1258,114208.0,110769.0,,,218824.0,,,88438.0,134926.0,130526.0,,,219154.0,,,72727.0,5601,1973.0,3341,36344.0,74211.0,116709.0,179026.0,354438.0,599453.0,6874,27,311,93,66,13135,888,118,0,451,932,2007,586,128,120,1126,486,587,73,800,128,132,237,132,6150,572,3071,2734,1228,2904,863,2822,1676,3375,2465,10,112,3854,26,71,356,38,29,71,162,167,19,15,552,1551,101,74,691,2386,1079,4789,Suffield
5069,44,35,61,18,7,55,80,41.0,36.9,1218,0.3569,48724.0,36349.0,50294.0,46773.0,679,65,177,272,442,91973.0,92178.0,,,,,134125.0,,103125.0,103676.0,,,,,134625.0,,2109,1980.0,1174,28377.0,61514.0,92436.0,128807.0,214905.0,316638.0,2474,0,79,10,11,4686,7,39,8,194,308,814,165,36,12,169,46,63,19,40,36,62,210,21,2043,373,734,1158,603,1103,303,1189,889,913,305,15,77,1381,69,35,78,0,0,6,80,84,53,11,541,784,12,182,449,885,324,1644,Canterbury
9512,49,74,182,0,23,307,57,41.8,36.1,2388,0.3824,63594.0,46012.0,62692.0,53926.0,1157,63,35,98,911,121200.0,120200.0,,,250001.0,,,156080.0,133422.0,132641.0,,,250001.0,,,156080.0,3724,1982.0,2420,37999.0,76625.0,119021.0,168390.0,308819.0,481774.0,4608,85,221,14,16,8708,127,60,15,259,695,1431,316,0,37,1080,306,215,25,456,0,66,245,92,4203,361,992,2288,1505,2078,204,1330,919,2776,1318,34,71,2581,11,81,99,0,0,13,77,64,55,40,400,1191,25,58,597,1368,1049,3217,Hebron
19546,552,60,1186,102,323,1296,594,40.7,34.1,4942,0.4211,55996.0,34688.0,61578.0,47154.0,2142,138,70,244,1413,118669.0,119919.0,,,,76597.0,186250.0,121319.0,145497.0,146988.0,,,,,186250.0,131923.0,7013,1973.0,4419,26239.0,76766.0,121908.0,179021.0,343857.0,517833.0,9148,244,702,18,97,15986,684,66,84,553,1102,2517,967,87,185,1908,1419,754,97,1819,87,393,417,39,8326,403,2958,3427,3046,4827,479,2930,1693,4916,2840,26,223,4806,62,72,374,29,0,22,127,203,71,40,362,1213,185,86,532,2263,1886,5863,Monroe
52120,9664,255,1499,122,2978,9398,3031,40.0,35.2,13905,0.4118,46331.0,31107.0,50301.0,37673.0,7020,968,385,1525,4899,79430.0,82981.0,68032.0,,95221.0,66614.0,50682.0,78569.0,94762.0,97436.0,80114.0,,121667.0,67341.0,96250.0,83652.0,21735,1958.0,10988,19481.0,50097.0,79490.0,118398.0,219183.0,342481.0,24022,1422,1572,184,527,39441,6009,157,365,1514,4311,5711,2123,278,1385,3528,917,338,75,1664,278,1437,2009,378,21640,2610,11079,8577,6166,9727,2777,11500,6637,10950,5039,402,1287,11605,395,699,2262,404,100,436,971,1037,403,511,2750,7124,73,690,3276,8627,5322,16411,Stratford
129309,20229,1315,12404,110,13292,35233,25037,42.2,36.5,28213,0.5129,52250.0,35167.0,54101.0,40245.0,12376,1383,553,4203,6618,93059.0,112472.0,49146.0,71094.0,115231.0,47675.0,107281.0,54572.0,110954.0,139379.0,61788.0,,130571.0,42119.0,119375.0,51374.0,53432,1970.0,17792,18793.0,52083.0,94015.0,156129.0,383330.0,700862.0,53383,9624,2743,392,1118,69865,28487,1693,552,2549,9476,14221,4456,495,6755,3723,4014,8260,2894,11930,495,2197,3638,4730,61266,3728,29329,23894,14514,26076,8741,18663,12074,30414,20619,1276,3926,24948,1433,2022,10517,6957,2366,2994,7802,5393,253,83,955,2566,2603,1675,4031,17381,13629,43306,Stamford
18463,198,19,1833,0,125,667,868,44.3,34.3,4825,0.4633,106611.0,36415.0,125688.0,41671.0,1805,108,13,101,1125,193292.0,183214.0,,,250001.0,,228750.0,160785.0,220163.0,216250.0,138500.0,,250001.0,,250001.0,161105.0,6627,1971.0,3792,39116.0,118078.0,191181.0,309049.0,649477.0,1062092.0,6135,1186,285,26,23,14883,357,314,65,475,1442,2469,603,44,249,223,305,1564,1727,3557,44,62,182,218,7072,182,2473,2399,2667,5240,240,979,1079,5332,4171,42,179,4703,15,37,302,114,323,170,278,94,26,18,75,118,1199,33,170,1262,1024,5846,Wilton
61740,1870,71,3469,25,1647,4232,2814,41.6,33.4,17967,0.5056,70334.0,30328.0,73849.0,37926.0,5908,485,255,706,3835,139122.0,142026.0,100313.0,,131359.0,74760.0,112625.0,122750.0,167210.0,173804.0,111250.0,,141667.0,74760.0,114784.0,126397.0,22160,1959.0,11499,28840.0,79553.0,138846.0,221746.0,549327.0,1027383.0,21507,3877,1634,49,250,48645,2766,448,183,1482,4563,7704,1763,200,873,2271,2679,5085,3126,7524,200,563,993,1078,23423,1405,10275,7117,9070,14123,1429,5434,4101,16038,11897,212,715,14402,93,166,1675,1164,325,571,1176,790,100,74,230,887,2566,201,1440,6033,5243,19085,Fairfield
19663,1023,107,1380,13,707,1501,1012,41.7,34.5,4378,0.4078,59023.0,31820.0,62177.0,33442.0,1964,97,84,606,1551,101968.0,107030.0,52417.0,,102451.0,44122.0,,65000.0,118953.0,127222.0,52955.0,,117500.0,43792.0,,73750.0,7543,1971.0,3937,25937.0,60127.0,100314.0,146359.0,269790.0,425951.0,9215,465,545,311,48,15038,980,549,27,547,1390,2248,836,55,340,2105,809,674,49,1228,55,234,333,248,8571,812,4370,2501,3057,4287,673,3136,2730,4844,2151,60,403,4531,85,172,1005,181,24,128,496,483,9,9,582,1328,77,212,934,2826,1909,6597,Bethel
88599,14139,649,6011,264,4385,24523,13447,41.4,36.9,21011,0.4996,49221.0,34116.0,50432.0,40755.0,9206,1011,468,2859,4788,85769.0,93773.0,54070.0,,98050.0,44148.0,104375.0,57230.0,98770.0,114223.0,62044.0,,97434.0,52292.0,127500.0,53898.0,36898,1963.0,14344,18145.0,51010.0,86317.0,139306.0,337427.0,626294.0,38971,4300,1541,195,1090,52400,20696,841,544,1800,7018,10097,3027,521,3558,4551,4451,4450,1437,6677,521,1371,2096,1965,40994,2701,19939,15378,9919,17590,6660,14156,9521,21267,11134,1008,2961,17429,972,1424,7039,3668,714,1666,5134,3184,264,216,881,2420,1179,1234,3687,12811,9257,30720,Norwalk
3433,51,6,77,9,105,84,70,42.6,36.3,793,0.4284,54306.0,30991.0,53524.0,33571.0,413,16,9,61,244,98409.0,98636.0,,,,,,179167.0,119141.0,119297.0,,,,,,179167.0,1577,1971.0,692,27523.0,58142.0,98483.0,142093.0,292546.0,499694.0,1632,0,131,26,0,3021,14,32,14,85,257,398,147,19,37,358,151,33,29,148,19,64,95,66,1509,58,492,744,462,778,47,684,464,735,456,7,58,808,8,51,89,22,7,26,55,59,0,0,150,252,35,56,240,478,263,1045,Bethlehem
2799,31,41,112,0,26,62,101,41.7,35.7,1090,0.5179,54973.0,35341.0,61875.0,38708.0,520,18,14,72,358,78125.0,75625.0,,,,,,,101786.0,101429.0,,,,,,,1504,1970.0,599,25233.0,49534.0,76259.0,118742.0,345496.0,815356.0,896,47,51,20,21,2443,40,83,0,142,233,265,22,78,61,206,90,168,63,130,78,60,105,163,974,81,643,262,201,365,125,508,288,661,543,6,74,582,0,47,75,20,0,0,55,26,0,5,115,233,76,38,242,517,171,1011,Kent
10730,198,311,164,17,102,517,317,41.0,34.9,3065,0.4229,39804.0,27328.0,41525.0,27171.0,1790,303,165,749,1170,68750.0,70819.0,60068.0,,,,29258.0,,82744.0,84726.0,,,,,,39293.0,5647,1955.0,1856,13821.0,37837.0,67972.0,105185.0,183012.0,265356.0,4961,101,442,59,160,9941,253,0,50,374,818,1127,355,35,441,152,75,104,0,63,35,240,631,260,4532,348,2074,1711,1537,1652,600,3145,1415,1880,825,276,178,2170,133,696,736,0,0,274,455,375,118,181,1643,653,24,242,1652,2299,259,3679,Winchester
3649,8,0,149,0,27,33,150,44.4,35.7,915,0.3726,62601.0,32256.0,72143.0,40893.0,465,43,10,38,329,109688.0,109635.0,,,,,,,114706.0,114632.0,,,,,,,1435,1976.0,826,23370.0,68266.0,111383.0,154753.0,245724.0,338827.0,1699,0,134,0,13,3270,31,8,50,162,304,518,144,0,0,220,74,61,0,47,0,71,56,96,1565,96,466,612,717,728,144,610,545,924,439,8,80,990,0,0,60,38,0,54,21,23,28,6,203,629,17,30,299,594,366,1209,Barkhamsted
3757,226,47,12,8,33,128,8,40.7,35.4,1128,0.342,47917.0,31522.0,62813.0,38406.0,448,144,74,125,343,78684.0,84722.0,,,,,,76217.0,78846.0,83843.0,,,,,,,1454,1978.0,1021,18744.0,49298.0,78715.0,107524.0,155269.0,212581.0,1621,0,175,0,15,3391,93,0,45,248,404,384,128,62,24,146,64,9,0,11,62,95,92,11,1324,133,409,500,723,921,179,912,641,629,208,22,105,992,0,43,73,10,0,17,10,64,23,46,551,419,0,41,295,706,331,1259,Sterling
14761,750,506,916,0,29,793,256,43.0,34.8,3451,0.3776,60575.0,37274.0,59638.0,38223.0,1775,103,68,333,1677,94099.0,93872.0,133716.0,160577.0,63839.0,,,89097.0,112930.0,111514.0,,173051.0,101375.0,,160250.0,91250.0,6390,1970.0,3404,32484.0,62058.0,95540.0,134114.0,245155.0,410462.0,7406,96,298,44,34,12777,255,181,17,414,1146,2135,415,66,114,960,131,58,15,236,66,192,256,86,6415,875,3520,3181,887,3292,119,2411,2613,3349,2016,83,353,3657,0,195,579,120,0,61,543,176,149,71,1338,2087,0,150,1377,2693,1247,5321,Ledyard
4657,259,148,263,11,25,44,97,40.7,32.8,1166,0.4092,53405.0,24715.0,54181.0,27194.0,636,49,68,162,574,79444.0,79333.0,,,95625.0,,,,90721.0,97566.0,,,,,,,2002,1971.0,1051,18597.0,51028.0,80182.0,117897.0,217993.0,329825.0,2349,7,210,0,1,3980,17,157,51,109,443,587,184,39,58,304,64,41,64,136,39,178,160,23,1903,266,908,1172,299,945,210,1042,880,721,405,38,111,1123,8,41,147,35,0,15,47,111,44,53,319,664,7,120,471,808,256,1492,Preston
4112,120,0,250,11,89,178,91,43.9,38.1,968,0.3953,65216.0,41376.0,63542.0,43793.0,566,0,0,26,380,109460.0,114073.0,,,129167.0,,,,128563.0,130882.0,,,133194.0,,,,1839,1982.0,1156,35122.0,76117.0,111352.0,146036.0,306442.0,557597.0,2133,11,133,0,15,3641,122,21,17,192,297,719,125,0,30,420,216,52,10,194,0,71,72,17,1822,206,421,1178,562,818,94,753,430,1036,687,10,67,1239,0,42,91,19,0,34,80,8,27,80,191,513,0,17,332,668,450,1518,Salem
2906,215,146,36,30,28,114,41,39.2,32.9,682,0.4195,45476.0,25350.0,42308.0,26944.0,357,72,117,174,293,68301.0,68902.0,,,,,,,76250.0,87188.0,,,,,,,1287,1952.0,465,17896.0,46443.0,68585.0,98689.0,207392.0,317346.0,1375,0,138,0,0,2548,81,0,25,96,252,301,116,8,134,93,50,29,4,34,8,69,101,0,998,239,448,682,245,651,152,817,454,447,173,59,98,583,24,87,284,0,0,34,150,77,12,10,279,269,0,101,284,580,142,979,Sprague
38825,3873,1033,3061,197,1915,5309,1684,44.0,33.9,9093,0.4398,39076.0,25869.0,37603.0,27188.0,4457,657,589,1832,3179,66657.0,68736.0,32255.0,,99219.0,40194.0,44746.0,48750.0,79915.0,83548.0,35225.0,,99844.0,,,40714.0,17981,1973.0,4984,17289.0,40770.0,66574.0,99967.0,208185.0,350739.0,17462,406,1264,167,216,31010,2905,366,319,1012,3072,4249,1022,227,1786,1118,605,650,206,692,227,905,1473,1958,16447,2115,12999,5251,1576,7276,1440,7326,5218,7309,4055,336,1625,7075,620,1560,5101,633,73,1195,2879,2016,562,188,1975,2272,168,934,3430,8445,2230,13580,Groton
11622,367,591,335,36,102,285,142,40.2,34.8,2953,0.4128,40929.0,28333.0,44939.0,29583.0,1565,127,193,590,1036,64365.0,64921.0,,,,,88641.0,,70833.0,70534.0,,,61667.0,,143798.0,,5274,1969.0,2270,17957.0,38680.0,63959.0,93966.0,179956.0,290209.0,5658,34,443,8,10,10588,33,51,42,451,980,1472,521,113,312,433,217,88,9,64,113,156,561,161,4502,908,1756,2645,1452,2488,951,2657,2259,1572,595,69,537,2776,129,473,637,0,0,55,578,282,141,234,1583,828,13,349,1492,2284,596,4181,Griswold
